POSCAR_0.vasp,3.0990108251571655
POSCAR_1.vasp,3.6661113500595093
POSCAR_2.vasp,3.2923473119735718
POSCAR_3.vasp,3.6081584692001343
POSCAR_4.vasp,3.42719304561615
POSCAR_5.vasp,2.984389344851176
POSCAR_6.vasp,3.0803951025009155
POSCAR_7.vasp,4.459267020225525
POSCAR_8.vasp,4.449467062950134
POSCAR_9.vasp,4.634128928184509
POSCAR_10.vasp,5.1311254898707075
POSCAR_11.vasp,3.8478282690048218
POSCAR_12.vasp,4.735599875450134
POSCAR_13.vasp,4.120426535606384
POSCAR_14.vasp,4.872928977012634
POSCAR_15.vasp,4.412388205528259
POSCAR_16.vasp,3.3599844376246133
POSCAR_17.vasp,3.6200298070907593
POSCAR_18.vasp,4.786869406700134
POSCAR_19.vasp,3.348110556602478
POSCAR_20.vasp,1.387245535850525
POSCAR_21.vasp,1.4143413305282593
POSCAR_22.vasp,0.9625896215438843
POSCAR_23.vasp,3.1170848608016968
POSCAR_24.vasp,3.0540355443954468
POSCAR_25.vasp,2.8907512426376343
POSCAR_26.vasp,3.1434673070907593
POSCAR_27.vasp,2.9547923803329468
POSCAR_28.vasp,2.9180644750595093
POSCAR_29.vasp,2.7187999486923218
POSCAR_30.vasp,3.5350688695907593
POSCAR_31.vasp,2.6284526586532593
POSCAR_32.vasp,3.4704021215438843
POSCAR_33.vasp,2.1752055883407593
POSCAR_34.vasp,2.7280315160751343
POSCAR_35.vasp,2.4382365942001343
POSCAR_36.vasp,3.3997539281845093
POSCAR_37.vasp,3.6011699438095093
POSCAR_38.vasp,1.4269450902938843
POSCAR_39.vasp,1.1658061742782593
POSCAR_40.vasp,5.184620261192322
POSCAR_41.vasp,5.082310080528259
POSCAR_42.vasp,4.062585552533467
POSCAR_43.vasp,4.054742534955342
POSCAR_44.vasp,4.078057964642842
POSCAR_45.vasp,4.078820904095967
POSCAR_46.vasp,2.7506653865178428
POSCAR_47.vasp,4.064884543418884
POSCAR_48.vasp,2.296065370241801
POSCAR_49.vasp,4.070693055788676
POSCAR_50.vasp,2.5493892431259155
POSCAR_51.vasp,2.1508296728134155
POSCAR_52.vasp,2.049892783164978
POSCAR_53.vasp,1.9832271337509155
POSCAR_54.vasp,3.343613028526306
POSCAR_55.vasp,5.68001401424408
POSCAR_56.vasp,4.806618094444275
POSCAR_57.vasp,4.930323004722595
POSCAR_58.vasp,3.880886435508728
POSCAR_59.vasp,3.387588858604431
POSCAR_60.vasp,3.4427379369735718
POSCAR_61.vasp,4.129307150840759
POSCAR_62.vasp,3.6200488805770874
POSCAR_63.vasp,3.5730708837509155
POSCAR_64.vasp,4.7709468603134155
POSCAR_65.vasp,3.6641887426376343
POSCAR_66.vasp,0.6506694555282593
POSCAR_67.vasp,0.5237773656845093
POSCAR_68.vasp,4.7590450048446655
POSCAR_69.vasp,2.4093936681747437
POSCAR_70.vasp,3.431136171023051
POSCAR_71.vasp,2.138546347618103
POSCAR_72.vasp,4.072544455528259
POSCAR_73.vasp,2.6004565954208374
POSCAR_74.vasp,2.149349570274353
POSCAR_75.vasp,4.065149029095967
POSCAR_76.vasp,2.1424602270126343
POSCAR_77.vasp,3.9665772517522178
POSCAR_78.vasp,4.6531184911727905
POSCAR_79.vasp,2.8499797582626343
POSCAR_80.vasp,4.8434261083602905
POSCAR_81.vasp,2.6986583471298218
POSCAR_82.vasp,4.875797629356384
POSCAR_83.vasp,2.6718028783798218
POSCAR_84.vasp,2.5107349157333374
POSCAR_85.vasp,4.830463767051697
POSCAR_86.vasp,4.010288596153259
POSCAR_87.vasp,5.036251425743103
POSCAR_88.vasp,2.7480357885360718
POSCAR_89.vasp,5.0316280126571655
POSCAR_90.vasp,2.1562745173772178
POSCAR_91.vasp,3.4323657751083374
POSCAR_92.vasp,4.630034995079041
POSCAR_93.vasp,2.7703365087509155
POSCAR_94.vasp,4.630448508262634
POSCAR_95.vasp,2.075851798057556
POSCAR_96.vasp,2.7485088109970093
POSCAR_97.vasp,4.4414485692977905
POSCAR_98.vasp,3.9070628881454468
POSCAR_99.vasp,5.375278830528259
POSCAR_100.vasp,5.090664267539978
POSCAR_101.vasp,2.8044475317001343
POSCAR_102.vasp,4.682030081748962
POSCAR_103.vasp,5.031513571739197
POSCAR_104.vasp,5.061298727989197
POSCAR_105.vasp,1.3242992162704468
POSCAR_106.vasp,3.982620596885681
POSCAR_107.vasp,5.1249812841415405
POSCAR_108.vasp,4.2828449010849
POSCAR_109.vasp,3.0751842260360718
POSCAR_110.vasp,2.403725028038025
POSCAR_111.vasp,2.2012943029403687
POSCAR_112.vasp,2.3390697240829468
POSCAR_113.vasp,3.8784297704696655
POSCAR_114.vasp,4.7804988622665405
POSCAR_115.vasp,2.3975452184677124
POSCAR_116.vasp,3.5809749364852905
POSCAR_117.vasp,2.2482990026474
POSCAR_118.vasp,1.4508174657821655
POSCAR_119.vasp,4.768425345420837
POSCAR_120.vasp,1.5096248388290405
POSCAR_121.vasp,3.583969473838806
POSCAR_122.vasp,5.095341086387634
POSCAR_123.vasp,2.433764624595642
POSCAR_124.vasp,6.9161494970321655
POSCAR_125.vasp,3.9785411596298217
POSCAR_126.vasp,2.1032222509384155
POSCAR_127.vasp,2.2951053380966187
POSCAR_128.vasp,2.0902122259140015
POSCAR_129.vasp,3.126440405845642
POSCAR_130.vasp,4.305345892906189
POSCAR_131.vasp,4.283090949058533
POSCAR_132.vasp,1.5581878423690796
POSCAR_133.vasp,2.6425517797470093
POSCAR_134.vasp,4.083998719851176
POSCAR_135.vasp,3.3595775365829468
POSCAR_136.vasp,4.105884909629822
POSCAR_137.vasp,4.2402766942977905
POSCAR_138.vasp,4.862648367881775
POSCAR_139.vasp,4.296278993288676
POSCAR_140.vasp,4.317498882611592
POSCAR_141.vasp,4.309157411257426
POSCAR_142.vasp,4.253737489382426
POSCAR_143.vasp,4.268177390098572
POSCAR_144.vasp,4.200615286827087
POSCAR_145.vasp,4.219513297080994
POSCAR_146.vasp,4.295358379681905
POSCAR_147.vasp,2.989943544069926
POSCAR_148.vasp,4.0330725113550825
POSCAR_149.vasp,3.0795634984970093
POSCAR_150.vasp,5.078628897666931
POSCAR_151.vasp,4.280236919720967
POSCAR_152.vasp,4.9102290868759155
POSCAR_153.vasp,4.845598305974688
POSCAR_154.vasp,4.188923239707947
POSCAR_155.vasp,4.03363115257687
POSCAR_156.vasp,3.803432822227478
POSCAR_157.vasp,4.582242941856384
POSCAR_158.vasp,4.431288758913676
POSCAR_159.vasp,3.0766948461532593
POSCAR_160.vasp,5.655654501914978
POSCAR_161.vasp,1.9799083471298218
POSCAR_162.vasp,3.5393108129501343
POSCAR_163.vasp,2.0705826112202237
POSCAR_164.vasp,4.430607199668884
POSCAR_165.vasp,4.098283852849688
POSCAR_166.vasp,2.001852665628706
POSCAR_167.vasp,4.147602438926697
POSCAR_168.vasp,4.210453391075134
POSCAR_169.vasp,4.579009095827739
POSCAR_170.vasp,2.230568289756775
POSCAR_171.vasp,3.9825379451115928
POSCAR_172.vasp,3.5164619207382204
POSCAR_173.vasp,4.621834921836853
POSCAR_174.vasp,4.587977194786072
POSCAR_175.vasp,4.560288596153259
POSCAR_176.vasp,4.126057028770447
POSCAR_177.vasp,3.453945517539978
POSCAR_178.vasp,3.726121115684509
POSCAR_179.vasp,4.166578269004821
POSCAR_180.vasp,2.3116191625595093
POSCAR_181.vasp,4.18207814693451
POSCAR_182.vasp,4.173188376426697
POSCAR_183.vasp,3.131578803062439
POSCAR_184.vasp,3.2721294164657593
POSCAR_185.vasp,4.165711569786072
POSCAR_186.vasp,3.401672085126241
POSCAR_187.vasp,3.2733501195907593
POSCAR_188.vasp,4.165277202924092
POSCAR_189.vasp,3.2427562475204468
POSCAR_190.vasp,3.2358592748641968
POSCAR_191.vasp,4.478730368614197
POSCAR_192.vasp,4.636646628379822
POSCAR_193.vasp,4.6476558446884155
POSCAR_194.vasp,4.613158265749614
POSCAR_195.vasp,4.591780702273051
POSCAR_196.vasp,3.5192798376083374
POSCAR_197.vasp,3.7684876521428428
POSCAR_198.vasp,4.39276921749115
POSCAR_199.vasp,2.6205333471298218
POSCAR_200.vasp,4.407596945762634
POSCAR_201.vasp,4.403049826622009
POSCAR_202.vasp,3.557716727256775
POSCAR_203.vasp,4.4809383153915405
POSCAR_204.vasp,4.399834036827087
POSCAR_205.vasp,4.396339774131775
POSCAR_206.vasp,4.652859091758728
POSCAR_207.vasp,3.5451396703720093
POSCAR_208.vasp,4.421766638755798
POSCAR_209.vasp,4.560593008995056
POSCAR_210.vasp,4.405506491661072
POSCAR_211.vasp,3.512813925743103
POSCAR_212.vasp,4.607120871543884
POSCAR_213.vasp,2.734773176056998
POSCAR_214.vasp,4.46137273311615
POSCAR_215.vasp,3.6311763525009155
POSCAR_216.vasp,4.522902528444926
POSCAR_217.vasp,4.542904257774353
POSCAR_218.vasp,4.297829031944275
POSCAR_219.vasp,4.9801550308863325
POSCAR_220.vasp,4.381531119346619
POSCAR_221.vasp,3.750837302207947
POSCAR_222.vasp,4.523075461387634
POSCAR_223.vasp,4.189448142051697
POSCAR_224.vasp,4.631698203086853
POSCAR_225.vasp,4.142396140098572
POSCAR_226.vasp,4.5321773290634155
POSCAR_227.vasp,5.177153627077739
POSCAR_228.vasp,4.148424506187439
POSCAR_229.vasp,4.851704001426697
POSCAR_230.vasp,5.227760672569275
POSCAR_231.vasp,4.722940802574158
POSCAR_232.vasp,5.7254146337509155
POSCAR_233.vasp,4.311542868614197
POSCAR_234.vasp,4.269894003868103
POSCAR_235.vasp,4.689950664838155
POSCAR_236.vasp,4.3061603307724
POSCAR_237.vasp,3.2431529760360718
POSCAR_238.vasp,4.955406546592712
POSCAR_239.vasp,3.7628673315048218
POSCAR_240.vasp,5.1273616552352905
POSCAR_241.vasp,4.268242239952087
POSCAR_242.vasp,3.1152423620224
POSCAR_243.vasp,4.232139945030212
POSCAR_244.vasp,4.973224997520447
POSCAR_245.vasp,4.841389060020447
POSCAR_246.vasp,3.0961230993270874
POSCAR_247.vasp,4.740998943646749
POSCAR_248.vasp,4.514277243614197
POSCAR_249.vasp,4.453109335899353
POSCAR_250.vasp,3.445003867149353
POSCAR_251.vasp,3.0470470190048218
POSCAR_252.vasp,3.2615474462509155
POSCAR_253.vasp,4.435451865196228
POSCAR_254.vasp,3.6150859594345093
POSCAR_255.vasp,4.630421042442322
POSCAR_256.vasp,5.443119406700134
POSCAR_257.vasp,3.8191417455673218
POSCAR_258.vasp,3.2202190160751343
POSCAR_259.vasp,4.909501242637634
POSCAR_260.vasp,4.298705140749614
POSCAR_261.vasp,5.4574397802352905
POSCAR_262.vasp,4.920237580935161
POSCAR_263.vasp,5.438721060752869
POSCAR_264.vasp,4.679989218711853
POSCAR_265.vasp,5.116937359174092
POSCAR_266.vasp,5.685337424278259
POSCAR_267.vasp,5.438686728477478
POSCAR_268.vasp,4.256550192832947
POSCAR_269.vasp,5.33112599849701
POSCAR_270.vasp,2.8416637182235718
POSCAR_271.vasp,5.4016231298446655
POSCAR_272.vasp,4.9609187841415405
POSCAR_273.vasp,3.006790518760681
POSCAR_274.vasp,4.194178366661072
POSCAR_275.vasp,5.159176230430603
POSCAR_276.vasp,3.989089051882426
POSCAR_277.vasp,3.8512080907821655
POSCAR_278.vasp,6.055172324180603
POSCAR_279.vasp,3.2069133520126343
POSCAR_280.vasp,4.738300681114197
POSCAR_281.vasp,4.306197206179301
POSCAR_282.vasp,2.9391196966171265
POSCAR_283.vasp,4.321873068809509
POSCAR_284.vasp,3.3911250829696655
POSCAR_285.vasp,4.854031814469232
POSCAR_286.vasp,4.69657297929128
POSCAR_287.vasp,5.125055034955342
POSCAR_288.vasp,5.331933697064717
POSCAR_289.vasp,3.3914226293563843
POSCAR_290.vasp,5.196621298789978
POSCAR_291.vasp,4.528004050254822
POSCAR_292.vasp,4.646332144737244
POSCAR_293.vasp,4.2879451513290405
POSCAR_294.vasp,4.0813716650009155
POSCAR_295.vasp,5.501583456993103
POSCAR_296.vasp,3.2721256017684937
POSCAR_297.vasp,3.4763911962509155
POSCAR_298.vasp,4.964576315879822
POSCAR_299.vasp,5.165161490440369
POSCAR_300.vasp,4.2141193151474
POSCAR_301.vasp,4.5643390417099
POSCAR_302.vasp,5.249016165733337
POSCAR_303.vasp,3.9602855443954468
POSCAR_304.vasp,5.572117209434509
POSCAR_305.vasp,4.269096732139587
POSCAR_306.vasp,4.158329367637634
POSCAR_307.vasp,3.53925359249115
POSCAR_308.vasp,5.093321839968364
POSCAR_309.vasp,5.812148133913676
POSCAR_310.vasp,5.550459901491801
POSCAR_311.vasp,5.238315939903259
POSCAR_312.vasp,4.626896262168884
POSCAR_313.vasp,5.076145529747009
POSCAR_314.vasp,3.0145108302434287
POSCAR_315.vasp,5.377411246299744
POSCAR_316.vasp,4.756740927696228
POSCAR_317.vasp,5.247242331504822
POSCAR_318.vasp,5.152927756309509
POSCAR_319.vasp,5.237400412559509
POSCAR_320.vasp,4.145443320274353
POSCAR_321.vasp,5.774265646934509
POSCAR_322.vasp,3.792068839073181
POSCAR_323.vasp,4.3710750341415405
POSCAR_324.vasp,5.115929007530212
POSCAR_325.vasp,4.436111807823181
POSCAR_326.vasp,5.1391109228134155
POSCAR_327.vasp,5.260792136192322
POSCAR_328.vasp,5.1489681005477905
POSCAR_329.vasp,4.166218161582947
POSCAR_330.vasp,3.5685288508733115
POSCAR_331.vasp,5.342337012290955
POSCAR_332.vasp,4.667888151274787
POSCAR_333.vasp,5.171701153119405
POSCAR_334.vasp,4.327076315879822
POSCAR_335.vasp,4.778309226036072
POSCAR_336.vasp,4.694965720176697
POSCAR_337.vasp,6.123380637168884
POSCAR_338.vasp,4.6066198746363325
POSCAR_339.vasp,4.595512747764587
POSCAR_340.vasp,5.444462180137634
POSCAR_341.vasp,5.100620627403259
POSCAR_342.vasp,4.388536175092061
POSCAR_343.vasp,4.292148947715759
POSCAR_344.vasp,4.344364523887634
POSCAR_345.vasp,3.705868124961853
POSCAR_346.vasp,4.695289969444275
POSCAR_347.vasp,4.5190852880477905
POSCAR_348.vasp,5.697147727012634
POSCAR_349.vasp,5.2265132665634155
POSCAR_350.vasp,4.409606019655864
POSCAR_351.vasp,6.075804750124614
POSCAR_352.vasp,6.392963767051697
POSCAR_353.vasp,5.214590430259705
POSCAR_354.vasp,3.9838298559188843
POSCAR_355.vasp,4.613026022911072
POSCAR_356.vasp,4.139397025108337
POSCAR_357.vasp,4.442173361778259
POSCAR_358.vasp,3.079614043235779
POSCAR_359.vasp,5.129259467124939
POSCAR_360.vasp,5.000725150108337
POSCAR_361.vasp,4.342775066693624
POSCAR_362.vasp,5.402698874473572
POSCAR_363.vasp,3.7388957738876343
POSCAR_364.vasp,2.8358086347579956
POSCAR_365.vasp,2.8220561742782593
POSCAR_366.vasp,4.990553895632426
POSCAR_367.vasp,5.1002892936979025
POSCAR_368.vasp,4.433567404747009
POSCAR_369.vasp,5.248549501101176
POSCAR_370.vasp,3.3952144384384155
POSCAR_371.vasp,5.640701651573181
POSCAR_372.vasp,3.4221996068954468
POSCAR_373.vasp,5.337337851524353
POSCAR_374.vasp,3.3608020544052124
POSCAR_375.vasp,2.6546138525009155
POSCAR_376.vasp,3.1783488988876343
POSCAR_377.vasp,5.2841914892196655
POSCAR_378.vasp,2.7455638647079468
POSCAR_379.vasp,5.576883673667908
POSCAR_380.vasp,4.796797792116801
POSCAR_381.vasp,3.4261363744735718
POSCAR_382.vasp,5.176536917686462
POSCAR_383.vasp,3.7222942113876343
POSCAR_384.vasp,5.363907217979431
POSCAR_385.vasp,5.811550498008728
POSCAR_386.vasp,5.300266623497009
POSCAR_387.vasp,5.313297629356384
POSCAR_388.vasp,5.333706259727478
POSCAR_389.vasp,3.4793437719345093
POSCAR_390.vasp,1.8317149877548218
POSCAR_391.vasp,6.098375678062439
POSCAR_392.vasp,1.7393382787704468
POSCAR_393.vasp,5.630756735801697
POSCAR_394.vasp,5.482265830039978
POSCAR_395.vasp,4.156620383262634
POSCAR_396.vasp,3.5469592809677124
POSCAR_397.vasp,5.306446433067322
POSCAR_398.vasp,3.934322714805603
POSCAR_399.vasp,3.859127402305603
POSCAR_400.vasp,4.364200949668884
POSCAR_401.vasp,3.9926799535751343
POSCAR_402.vasp,5.290989279747009
POSCAR_403.vasp,5.064796805381775
POSCAR_404.vasp,3.4401286840438843
POSCAR_405.vasp,4.989994406700134
POSCAR_406.vasp,4.964452465375264
POSCAR_407.vasp,3.6910067001978555
POSCAR_408.vasp,3.4039348363876343
POSCAR_409.vasp,4.827961325645447
POSCAR_410.vasp,4.949894309043884
POSCAR_411.vasp,4.653618216514587
POSCAR_412.vasp,4.919230500857036
POSCAR_413.vasp,4.765028993288676
POSCAR_414.vasp,4.851838787396749
POSCAR_415.vasp,3.6682170629501343
POSCAR_416.vasp,4.310074210166931
POSCAR_417.vasp,3.8063249985376992
POSCAR_418.vasp,3.5649608373641968
POSCAR_419.vasp,5.113983511924744
POSCAR_420.vasp,4.573063254356384
POSCAR_421.vasp,3.4968608617782593
POSCAR_422.vasp,5.23166819413503
POSCAR_423.vasp,6.8201208511988325
POSCAR_424.vasp,5.197323203086853
POSCAR_425.vasp,2.8186534643173218
POSCAR_426.vasp,5.239933371543884
POSCAR_427.vasp,3.881147106488546
POSCAR_428.vasp,4.942905783653259
POSCAR_429.vasp,5.416866660118103
POSCAR_430.vasp,6.241714835166931
POSCAR_431.vasp,4.233154654502869
POSCAR_432.vasp,3.33584725856781
POSCAR_433.vasp,6.191024502118428
POSCAR_434.vasp,5.939115246136983
POSCAR_435.vasp,4.71224057674408
POSCAR_436.vasp,3.519091010093689
POSCAR_437.vasp,5.892582297325134
POSCAR_438.vasp,2.4379619359970093
POSCAR_439.vasp,3.7718318700790405
POSCAR_440.vasp,3.8430675268173218
POSCAR_441.vasp,3.8647540807724
POSCAR_442.vasp,5.071094870567322
POSCAR_443.vasp,4.1776647965113325
POSCAR_444.vasp,4.833004355430603
POSCAR_445.vasp,5.156494498252869
POSCAR_446.vasp,3.8343496719996133
POSCAR_447.vasp,5.115139365196228
POSCAR_448.vasp,4.658780349625482
POSCAR_449.vasp,3.9650615453720093
POSCAR_450.vasp,4.505882967602123
POSCAR_451.vasp,4.394403179486592
POSCAR_452.vasp,4.666506383154127
POSCAR_453.vasp,2.9297679662704468
POSCAR_454.vasp,5.613834738731384
POSCAR_455.vasp,3.7337230443954468
POSCAR_456.vasp,4.567044509781732
POSCAR_457.vasp,5.899479269981384
POSCAR_458.vasp,4.674757997194926
POSCAR_459.vasp,4.230375266075134
POSCAR_460.vasp,3.317379355430603
POSCAR_461.vasp,2.336290717124939
POSCAR_462.vasp,3.6462088028589883
POSCAR_463.vasp,4.1775020360946655
POSCAR_464.vasp,4.418600228097704
POSCAR_465.vasp,5.117283225059509
POSCAR_466.vasp,4.072056174278259
POSCAR_467.vasp,4.122288107872009
POSCAR_468.vasp,4.134678244590759
POSCAR_469.vasp,5.755798697471619
POSCAR_470.vasp,3.4393314123153687
POSCAR_471.vasp,4.764248251914978
POSCAR_472.vasp,2.0348323583602905
POSCAR_473.vasp,5.811176657676697
POSCAR_474.vasp,4.524708151817322
POSCAR_475.vasp,4.588398337364197
POSCAR_476.vasp,4.147701621055603
POSCAR_477.vasp,1.450050711631775
POSCAR_478.vasp,3.8072093725204468
POSCAR_479.vasp,5.4206355810165405
POSCAR_480.vasp,5.3631709814071655
POSCAR_481.vasp,5.458248496055603
POSCAR_482.vasp,3.648903250694275
POSCAR_483.vasp,4.211048483848572
POSCAR_484.vasp,5.474209189414978
POSCAR_485.vasp,4.171726584434509
POSCAR_486.vasp,4.758015036582947
POSCAR_487.vasp,4.191532492637634
POSCAR_488.vasp,4.204670310020447
POSCAR_489.vasp,4.997837424278259
POSCAR_490.vasp,1.6798442602157593
POSCAR_491.vasp,1.6934551000595093
POSCAR_492.vasp,5.367969870567322
POSCAR_493.vasp,4.8671794652938845
POSCAR_494.vasp,2.9950298070907593
POSCAR_495.vasp,3.6450999975204468
POSCAR_496.vasp,4.921451926231384
POSCAR_497.vasp,1.795620322227478
POSCAR_498.vasp,3.852840781211853
POSCAR_499.vasp,4.040890097618103
POSCAR_500.vasp,4.833869020144145
POSCAR_501.vasp,4.342960715293884
POSCAR_502.vasp,4.1850703954696655
POSCAR_503.vasp,4.2159541845321655
POSCAR_504.vasp,4.539219260215759
POSCAR_505.vasp,3.9195140600204468
POSCAR_506.vasp,4.198513388633728
POSCAR_507.vasp,4.385975241661072
POSCAR_508.vasp,4.846027731895447
POSCAR_509.vasp,4.9810603857040405
POSCAR_510.vasp,4.176231741905212
POSCAR_511.vasp,2.1117900609970093
POSCAR_512.vasp,2.1841472387313843
POSCAR_513.vasp,4.9587792839322775
POSCAR_514.vasp,4.869373679161072
POSCAR_515.vasp,4.178329825401306
POSCAR_516.vasp,3.8594249486923218
POSCAR_517.vasp,4.611896872520447
POSCAR_518.vasp,5.461063742637634
POSCAR_519.vasp,5.424229025840759
POSCAR_520.vasp,3.1071208715438843
POSCAR_521.vasp,4.231663107872009
POSCAR_522.vasp,2.4668163061141968
POSCAR_523.vasp,4.400364279747009
POSCAR_524.vasp,4.604359030723572
POSCAR_525.vasp,5.194355368614197
POSCAR_526.vasp,3.635663526398795
POSCAR_527.vasp,4.1798213720321655
POSCAR_528.vasp,3.7635692358016968
POSCAR_529.vasp,4.225269675254822
POSCAR_530.vasp,5.027553915977478
POSCAR_531.vasp,4.507068991661072
POSCAR_532.vasp,4.174915671348572
POSCAR_533.vasp,1.6162456274032593
POSCAR_534.vasp,1.6180843114852905
POSCAR_535.vasp,4.803409934043884
POSCAR_536.vasp,5.322712302207947
POSCAR_537.vasp,4.9501460790634155
POSCAR_538.vasp,3.3437083959579468
POSCAR_539.vasp,3.141156690461295
POSCAR_540.vasp,2.5253337621688843
POSCAR_541.vasp,4.208378195762634
POSCAR_542.vasp,4.553150534629822
POSCAR_543.vasp,4.068386435508728
POSCAR_544.vasp,4.929062247276306
POSCAR_545.vasp,4.203556418418884
POSCAR_546.vasp,5.395748496055603
POSCAR_547.vasp,4.704990744590759
POSCAR_548.vasp,4.207096457481384
POSCAR_549.vasp,5.3057063817977905
POSCAR_550.vasp,2.5910075902938843
POSCAR_551.vasp,4.571571707725525
POSCAR_552.vasp,3.3615001440048218
POSCAR_553.vasp,3.1892131567001343
POSCAR_554.vasp,4.666111350059509
POSCAR_555.vasp,2.644771933555603
POSCAR_556.vasp,3.2131389379501343
POSCAR_557.vasp,4.195888876914978
POSCAR_558.vasp,4.777012228965759
POSCAR_559.vasp,5.278293967247009
POSCAR_560.vasp,4.672413229942322
POSCAR_561.vasp,2.8131755590438843
POSCAR_562.vasp,3.444016623497009
POSCAR_563.vasp,2.3702739477157593
POSCAR_564.vasp,4.736843466758728
POSCAR_565.vasp,4.7835716009140015
POSCAR_566.vasp,3.8059581518173218
POSCAR_567.vasp,4.910831809043884
POSCAR_568.vasp,4.218021750450134
POSCAR_569.vasp,4.425218939781189
POSCAR_570.vasp,4.880460715293884
POSCAR_571.vasp,4.369968771934509
POSCAR_572.vasp,4.257036566734314
POSCAR_573.vasp,3.580734610557556
POSCAR_574.vasp,4.439499258995056
POSCAR_575.vasp,3.9500799576441445
POSCAR_576.vasp,4.922174175580342
POSCAR_577.vasp,4.047729849815369
POSCAR_578.vasp,1.458113710085551
POSCAR_579.vasp,4.689297080039978
POSCAR_580.vasp,3.0556199153264365
POSCAR_581.vasp,4.236362814903259
POSCAR_582.vasp,4.070072531700134
POSCAR_583.vasp,4.127608338991801
POSCAR_584.vasp,4.191608786582947
POSCAR_585.vasp,4.259413758913676
POSCAR_586.vasp,4.148314515749614
POSCAR_587.vasp,4.67641294002533
POSCAR_588.vasp,4.255273540814717
POSCAR_589.vasp,4.250334779421489
POSCAR_590.vasp,4.25577708085378
POSCAR_591.vasp,4.668074647585551
POSCAR_592.vasp,4.8343013525009155
POSCAR_593.vasp,4.257369081179301
POSCAR_594.vasp,4.699459433555603
POSCAR_595.vasp,2.1150020360946655
POSCAR_596.vasp,4.106495261192322
POSCAR_597.vasp,3.606003165245056
POSCAR_598.vasp,5.019773840904236
POSCAR_599.vasp,4.217345277468364
POSCAR_600.vasp,3.9938091039657593
POSCAR_601.vasp,5.0542211929957075
POSCAR_602.vasp,4.126957297325134
POSCAR_603.vasp,4.528614401817322
POSCAR_604.vasp,4.279433290163676
POSCAR_605.vasp,4.369653423627217
POSCAR_606.vasp,5.272781729698181
POSCAR_607.vasp,3.651106874148051
POSCAR_608.vasp,4.513665874799092
POSCAR_609.vasp,4.484096884727478
POSCAR_610.vasp,4.469501852989197
POSCAR_611.vasp,4.245457053184509
POSCAR_612.vasp,5.3888972997665405
POSCAR_613.vasp,4.97031565507253
POSCAR_614.vasp,4.126591086387634
POSCAR_615.vasp,5.039265036582947
POSCAR_616.vasp,4.6952937841415405
POSCAR_617.vasp,2.0417102575302124
POSCAR_618.vasp,2.3395885229110718
POSCAR_619.vasp,5.206303000450134
POSCAR_620.vasp,4.204117178916931
POSCAR_621.vasp,3.536208192507426
POSCAR_622.vasp,3.965805411338806
POSCAR_623.vasp,2.197201132774353
POSCAR_624.vasp,2.7310527563095093
POSCAR_625.vasp,5.118549704551697
POSCAR_626.vasp,5.064365744590759
POSCAR_627.vasp,3.9179627497990928
POSCAR_628.vasp,3.595688223838806
POSCAR_629.vasp,4.649333617903969
POSCAR_630.vasp,4.703176335854963
POSCAR_631.vasp,4.526760458946228
POSCAR_632.vasp,3.9688152074813843
POSCAR_633.vasp,3.0764468908309937
POSCAR_634.vasp,5.072839458783467
POSCAR_635.vasp,4.823636152527549
POSCAR_636.vasp,3.5256694555282593
POSCAR_637.vasp,3.9158906844946055
POSCAR_638.vasp,4.463672995567322
POSCAR_639.vasp,5.232151389122009
POSCAR_640.vasp,4.228748679161072
POSCAR_641.vasp,4.1833308935165405
POSCAR_642.vasp,3.9107402563095093
POSCAR_643.vasp,4.361072897911072
POSCAR_644.vasp,4.119144797325134
POSCAR_645.vasp,1.2806133031845093
POSCAR_646.vasp,5.047679168837411
POSCAR_647.vasp,4.596378684043884
POSCAR_648.vasp,3.5881389379501343
POSCAR_649.vasp,4.362392783164978
POSCAR_650.vasp,2.1251548528671265
POSCAR_651.vasp,2.9376415014266968
POSCAR_652.vasp,4.888706564903259
POSCAR_653.vasp,4.690983176231384
POSCAR_654.vasp,4.899464011192322
POSCAR_655.vasp,4.1628841161727905
POSCAR_656.vasp,4.174534201622009
POSCAR_657.vasp,4.580479025840759
POSCAR_658.vasp,4.157169699668884
POSCAR_659.vasp,3.0128673315048218
POSCAR_660.vasp,3.1116275548934937
POSCAR_661.vasp,3.9916499853134155
POSCAR_662.vasp,3.9040111303329468
POSCAR_663.vasp,4.351093649864197
POSCAR_664.vasp,4.312404990196228
POSCAR_665.vasp,4.688408255577087
POSCAR_666.vasp,4.166416525840759
POSCAR_667.vasp,3.8439639806747437
POSCAR_668.vasp,5.095890402793884
POSCAR_669.vasp,5.115681052207947
POSCAR_670.vasp,3.220004439353943
POSCAR_671.vasp,2.710039496421814
POSCAR_672.vasp,2.2469295263290405
POSCAR_673.vasp,3.195130705833435
POSCAR_674.vasp,2.9445308446884155
POSCAR_675.vasp,3.805731177330017
POSCAR_676.vasp,3.8557599782943726
POSCAR_677.vasp,3.937088370323181
POSCAR_678.vasp,3.282823920249939
POSCAR_679.vasp,3.2437785863876343
POSCAR_680.vasp,3.4916337728500366
POSCAR_681.vasp,2.725882569948832
POSCAR_682.vasp,3.5211986303329468
POSCAR_683.vasp,3.3203853368759155
POSCAR_684.vasp,2.9612239599227905
POSCAR_685.vasp,2.9021915197372437
POSCAR_686.vasp,3.8767786423365274
POSCAR_687.vasp,4.11742627620697
POSCAR_688.vasp,3.0309032201766968
POSCAR_689.vasp,3.241747260093689
POSCAR_690.vasp,4.111296534538269
POSCAR_691.vasp,2.9468883275985718
POSCAR_692.vasp,3.1455119848251343
POSCAR_693.vasp,2.7168372869491577
POSCAR_694.vasp,3.0928996801376343
POSCAR_695.vasp,3.043697714805603
POSCAR_696.vasp,3.4601863622665405
POSCAR_697.vasp,3.1758846044540405
POSCAR_698.vasp,3.1795238256454468
POSCAR_699.vasp,3.064285635948181
POSCAR_700.vasp,2.698463797569275
POSCAR_701.vasp,2.8317861954371133
POSCAR_702.vasp,4.242560426394145
POSCAR_703.vasp,3.1993507146835327
POSCAR_704.vasp,2.8224223852157593
POSCAR_705.vasp,3.239347815513611
POSCAR_706.vasp,2.6864246129989624
POSCAR_707.vasp,2.723616639773051
POSCAR_708.vasp,3.4569947322209678
POSCAR_709.vasp,3.855017066001892
POSCAR_710.vasp,3.8621333837509155
POSCAR_711.vasp,3.5764659643173218
POSCAR_712.vasp,3.707281470298767
POSCAR_713.vasp,2.9206279516220093
POSCAR_714.vasp,3.8603538274765015
POSCAR_715.vasp,2.710817058881124
POSCAR_716.vasp,3.1768813848495485
POSCAR_717.vasp,5.328903555870056
POSCAR_718.vasp,4.3996394872665405
POSCAR_719.vasp,4.478603720664978
POSCAR_720.vasp,5.629490256309509
POSCAR_721.vasp,3.4024394750595093
POSCAR_722.vasp,5.341841737429301
POSCAR_723.vasp,4.638668417930603
POSCAR_724.vasp,4.700883587201436
POSCAR_725.vasp,3.4435209035873413
POSCAR_726.vasp,4.753696799278259
POSCAR_727.vasp,1.9159053564071655
POSCAR_728.vasp,3.574814200401306
POSCAR_729.vasp,1.9500850439071655
POSCAR_730.vasp,1.8506511449813843
POSCAR_731.vasp,3.1953014135360718
POSCAR_732.vasp,3.2079204320907593
POSCAR_733.vasp,3.9901241064071655
POSCAR_734.vasp,3.7606853246688843
POSCAR_735.vasp,3.6010478734970093
POSCAR_736.vasp,1.692165732383728
POSCAR_737.vasp,1.7803157567977905
POSCAR_738.vasp,3.806698203086853
POSCAR_739.vasp,3.7611278295516968
POSCAR_740.vasp,4.163959860801697
POSCAR_741.vasp,6.1059592962265015
POSCAR_742.vasp,1.4518131017684937
POSCAR_743.vasp,1.0169833898544312
POSCAR_744.vasp,3.0025775035222373
POSCAR_745.vasp,3.1101526021957397
POSCAR_746.vasp,3.8668636083602905
POSCAR_747.vasp,3.0208781957626343
POSCAR_748.vasp,2.7314947162355696
POSCAR_749.vasp,4.049747824668884
POSCAR_750.vasp,5.032393495241801
POSCAR_751.vasp,3.5753062963485718
POSCAR_752.vasp,4.283802390098572
POSCAR_753.vasp,3.6799663305282593
POSCAR_754.vasp,4.811542868614197
POSCAR_755.vasp,3.0319988860024347
POSCAR_756.vasp,4.145991110801697
POSCAR_757.vasp,4.282396038373311
POSCAR_758.vasp,4.141559958457947
POSCAR_759.vasp,2.749935507774353
POSCAR_760.vasp,4.266081849733989
POSCAR_761.vasp,4.653065085411072
POSCAR_762.vasp,5.045692801475525
POSCAR_763.vasp,4.779911398887634
POSCAR_764.vasp,3.596462607383728
POSCAR_765.vasp,3.780044913291931
POSCAR_766.vasp,5.362633109092712
POSCAR_767.vasp,5.0096248388290405
POSCAR_768.vasp,3.8253482580184937
POSCAR_769.vasp,4.834550261497498
POSCAR_770.vasp,3.471981406211853
POSCAR_771.vasp,3.3624080419540405
POSCAR_772.vasp,5.001633048057556
POSCAR_773.vasp,4.162565588951111
POSCAR_774.vasp,4.695358633995056
POSCAR_775.vasp,4.179466605186462
POSCAR_776.vasp,4.147030234336853
POSCAR_777.vasp,6.819371898969014
POSCAR_778.vasp,3.998043417930603
POSCAR_779.vasp,2.1339486837387085
POSCAR_780.vasp,3.5171868403752646
POSCAR_781.vasp,4.8768733739852905
POSCAR_782.vasp,4.110399985313416
POSCAR_783.vasp,3.6644328832626343
POSCAR_784.vasp,4.572040915489197
POSCAR_785.vasp,4.494175314903259
POSCAR_786.vasp,3.1860774755477905
POSCAR_787.vasp,6.412443518638611
POSCAR_788.vasp,5.203152060508728
POSCAR_789.vasp,3.963009238243103
POSCAR_790.vasp,5.275356650352478
POSCAR_791.vasp,3.351944327354431
POSCAR_792.vasp,4.998320619265239
POSCAR_793.vasp,4.008182883262634
POSCAR_794.vasp,5.208154400189717
POSCAR_795.vasp,2.775955557823181
POSCAR_796.vasp,2.874768614768982
POSCAR_797.vasp,5.090237021446228
POSCAR_798.vasp,4.931155562400818
POSCAR_799.vasp,5.456488013267517
POSCAR_800.vasp,3.353105902671814
POSCAR_801.vasp,5.026020407676697
POSCAR_802.vasp,5.317299246788025
POSCAR_803.vasp,3.1380475759506226
POSCAR_804.vasp,2.6162189245224
POSCAR_805.vasp,3.256383776664734
POSCAR_806.vasp,3.798153281211853
POSCAR_807.vasp,3.5573118243898665
POSCAR_808.vasp,2.928280234336853
POSCAR_809.vasp,4.9442058324813845
POSCAR_810.vasp,5.736368536949158
POSCAR_811.vasp,2.7606643438339233
POSCAR_812.vasp,4.879856467247009
POSCAR_813.vasp,4.9895099401474
POSCAR_814.vasp,5.087528586387634
POSCAR_815.vasp,3.5655406713485718
POSCAR_816.vasp,3.535180449485779
POSCAR_817.vasp,2.9360803365707397
POSCAR_818.vasp,2.909292960166931
POSCAR_819.vasp,4.620879213015239
POSCAR_820.vasp,4.43756902217865
POSCAR_821.vasp,5.038994193077087
POSCAR_822.vasp,3.028272350629171
POSCAR_823.vasp,4.1045249700546265
POSCAR_824.vasp,3.1064800024032593
POSCAR_825.vasp,2.7061351537704468
POSCAR_826.vasp,3.3063052892684937
POSCAR_827.vasp,4.898769736289978
POSCAR_828.vasp,3.030014395713806
POSCAR_829.vasp,4.844486594200134
POSCAR_830.vasp,3.979092001914978
POSCAR_831.vasp,4.798214316368103
POSCAR_832.vasp,3.0653270483016968
POSCAR_833.vasp,3.6947444677352905
POSCAR_834.vasp,4.39435613155365
POSCAR_835.vasp,2.376824736595154
POSCAR_836.vasp,4.391746878623962
POSCAR_837.vasp,4.284695982933044
POSCAR_838.vasp,3.8523448705673218
POSCAR_839.vasp,3.7009376287460327
POSCAR_840.vasp,4.2176936864852905
POSCAR_841.vasp,2.366369605064392
POSCAR_842.vasp,3.6458581686019897
POSCAR_843.vasp,3.0572889362062727
POSCAR_844.vasp,5.243133902549744
POSCAR_845.vasp,3.8386348485946655
POSCAR_846.vasp,4.3971980810165405
POSCAR_847.vasp,4.895820212364197
POSCAR_848.vasp,4.931470847129821
POSCAR_849.vasp,5.073310446739197
POSCAR_850.vasp,5.107941794395447
POSCAR_851.vasp,4.5407527685165405
POSCAR_852.vasp,5.131110739707947
POSCAR_853.vasp,4.349533438682556
POSCAR_854.vasp,5.108668112754822
POSCAR_855.vasp,5.337604880332947
POSCAR_856.vasp,4.277466177940369
POSCAR_857.vasp,4.403309226036072
POSCAR_858.vasp,3.526525855064392
POSCAR_859.vasp,5.635547995567322
POSCAR_860.vasp,6.081653952598572
POSCAR_861.vasp,4.685306906700134
POSCAR_862.vasp,3.1917117834091187
POSCAR_863.vasp,3.9722007513046265
POSCAR_864.vasp,4.418453574180603
POSCAR_865.vasp,4.316749930381775
POSCAR_866.vasp,5.969610571861267
POSCAR_867.vasp,5.834633231163025
POSCAR_868.vasp,4.140059510866801
POSCAR_869.vasp,5.851511359214783
POSCAR_870.vasp,5.286146521568298
POSCAR_871.vasp,3.887142539024353
POSCAR_872.vasp,5.10196848710378
POSCAR_873.vasp,3.024022650718689
POSCAR_874.vasp,5.117740988731384
POSCAR_875.vasp,4.703449606895447
POSCAR_876.vasp,3.9339317083358765
POSCAR_877.vasp,4.6124900579452515
POSCAR_878.vasp,5.0458492040634155
POSCAR_879.vasp,5.794102072715759
POSCAR_880.vasp,4.258167624473572
POSCAR_881.vasp,4.626469016075134
POSCAR_882.vasp,5.640346884727478
POSCAR_883.vasp,3.523596167564392
POSCAR_884.vasp,5.471859335899353
POSCAR_885.vasp,5.357532858848572
POSCAR_886.vasp,3.9385493993759155
POSCAR_887.vasp,4.388885855674744
POSCAR_888.vasp,4.1233028173446655
POSCAR_889.vasp,4.066925406455994
POSCAR_890.vasp,2.7682384252548218
POSCAR_891.vasp,3.8305896520614624
POSCAR_892.vasp,3.573562979698181
POSCAR_893.vasp,4.7602351903915405
POSCAR_894.vasp,5.123402953147888
POSCAR_895.vasp,6.372026801109314
POSCAR_896.vasp,2.634476065635681
POSCAR_897.vasp,4.1471370458602905
POSCAR_898.vasp,3.118955969810486
POSCAR_899.vasp,4.785942435264587
POSCAR_900.vasp,4.879419048627217
POSCAR_901.vasp,4.109054605166118
POSCAR_902.vasp,4.710945063167149
POSCAR_903.vasp,4.444670716921489
POSCAR_904.vasp,4.545627951622009
POSCAR_905.vasp,4.556482036908467
POSCAR_906.vasp,4.412269526057774
POSCAR_907.vasp,3.19757878780365
POSCAR_908.vasp,4.424829204877217
POSCAR_909.vasp,4.773889263470967
POSCAR_910.vasp,4.432350092464024
POSCAR_911.vasp,4.786523540814717
POSCAR_912.vasp,4.586511333783467
POSCAR_913.vasp,4.764947613080342
POSCAR_914.vasp,4.553943991661072
POSCAR_915.vasp,4.345147808392842
POSCAR_916.vasp,4.896905620892842
POSCAR_917.vasp,4.819818218549092
POSCAR_918.vasp,4.446859505441454
POSCAR_919.vasp,4.438053488731384
POSCAR_920.vasp,4.815423687299092
POSCAR_921.vasp,4.855778098106384
POSCAR_922.vasp,4.589766542116801
POSCAR_923.vasp,4.729865961604649
POSCAR_924.vasp,4.696527202924092
POSCAR_925.vasp,4.728418072064717
POSCAR_926.vasp,4.446700135866801
POSCAR_927.vasp,4.849420269330342
POSCAR_928.vasp,4.736230572064717
POSCAR_929.vasp,4.727458463774787
POSCAR_930.vasp,4.33500071366628
POSCAR_931.vasp,4.573236187299092
POSCAR_932.vasp,4.246616721153259
POSCAR_933.vasp,4.294354932648795
POSCAR_934.vasp,4.51348955101437
POSCAR_935.vasp,4.178173059508914
POSCAR_936.vasp,4.267856955528259
POSCAR_937.vasp,4.485182801882426
POSCAR_938.vasp,4.485610047976176
POSCAR_939.vasp,4.273169920558021
POSCAR_940.vasp,4.51623613304562
POSCAR_941.vasp,4.509203526708815
POSCAR_942.vasp,4.540121224191454
POSCAR_943.vasp,4.377699891726176
POSCAR_944.vasp,4.399943815337287
POSCAR_945.vasp,4.475478212038676
POSCAR_946.vasp,4.38024980492062
POSCAR_947.vasp,4.395917432648795
POSCAR_948.vasp,4.696954449017842
POSCAR_949.vasp,4.237938103221712
POSCAR_950.vasp,4.524808181656732
POSCAR_951.vasp,4.665521343549092
POSCAR_952.vasp,4.560893522368537
POSCAR_953.vasp,4.50781328148312
POSCAR_954.vasp,4.55053789085812
POSCAR_955.vasp,4.2520953530357
POSCAR_956.vasp,4.4021691765104025
POSCAR_957.vasp,4.359857281049092
POSCAR_958.vasp,4.456862489382426
POSCAR_959.vasp,4.554762880007426
POSCAR_960.vasp,4.434533794720967
POSCAR_961.vasp,4.341567079226176
POSCAR_962.vasp,4.444648676448399
POSCAR_963.vasp,4.542711827490065
POSCAR_964.vasp,4.532824132177565
POSCAR_965.vasp,4.392083843549092
POSCAR_966.vasp,4.609280837906732
POSCAR_967.vasp,4.506707866986592
POSCAR_968.vasp,4.298122255007426
POSCAR_969.vasp,4.301011252403259
POSCAR_970.vasp,4.337860210736593
POSCAR_971.vasp,4.714217225710551
POSCAR_972.vasp,4.357700705528259
POSCAR_973.vasp,4.356280620892843
POSCAR_974.vasp,4.406549175580342
POSCAR_975.vasp,4.311672059694926
POSCAR_976.vasp,4.837925314903259
POSCAR_977.vasp,4.659255067507426
POSCAR_978.vasp,4.272445895053722
POSCAR_979.vasp,4.409580588340759
POSCAR_980.vasp,4.479389548301697
POSCAR_981.vasp,4.434437155723572
POSCAR_982.vasp,4.578510642051697
POSCAR_983.vasp,4.474766135215759
POSCAR_984.vasp,4.517689108848572
POSCAR_985.vasp,4.674941102663676
POSCAR_986.vasp,4.487064719200134
POSCAR_987.vasp,4.325933941205343
POSCAR_988.vasp,4.3017396052678425
POSCAR_989.vasp,4.30262258052826
POSCAR_990.vasp,4.527358094851176
POSCAR_991.vasp,4.453515728314717
POSCAR_992.vasp,4.301532085736593
POSCAR_993.vasp,4.698490500450134
POSCAR_994.vasp,4.592553814252217
POSCAR_995.vasp,4.318723654747009
POSCAR_996.vasp,4.295396018028259
POSCAR_997.vasp,4.2704692602157595
POSCAR_998.vasp,4.428643902142842
POSCAR_999.vasp,4.257053732872009
POSCAR_1000.vasp,4.537037253379822
POSCAR_1001.vasp,4.559299826622009
POSCAR_1002.vasp,4.390045269330343
POSCAR_1003.vasp,4.352455751101176
POSCAR_1004.vasp,4.329189149538676
POSCAR_1005.vasp,4.575710145632426
POSCAR_1006.vasp,4.3193177302678425
POSCAR_1007.vasp,4.28785207271576
POSCAR_1008.vasp,4.303867697715759
POSCAR_1009.vasp,4.646193544069926
POSCAR_1010.vasp,4.356739401817322
POSCAR_1011.vasp,4.446964621543884
POSCAR_1012.vasp,4.458062847455342
POSCAR_1013.vasp,4.434554139773051
POSCAR_1014.vasp,4.343977967898051
POSCAR_1015.vasp,4.458517220285204
POSCAR_1016.vasp,4.66455156273312
POSCAR_1017.vasp,4.337533672650655
POSCAR_1018.vasp,4.340031027793884
POSCAR_1019.vasp,4.649638639556037
POSCAR_1020.vasp,4.339780105484857
POSCAR_1021.vasp,4.63891679710812
POSCAR_1022.vasp,4.376204530398051
POSCAR_1023.vasp,4.771722515424092
POSCAR_1024.vasp,4.762506206830342
POSCAR_1025.vasp,4.629978537559509
POSCAR_1026.vasp,4.801049908002217
POSCAR_1027.vasp,4.726210633913676
POSCAR_1028.vasp,4.759271343549092
POSCAR_1029.vasp,4.631575624148051
POSCAR_1030.vasp,4.971317648887634
POSCAR_1031.vasp,4.737047764990065
POSCAR_1032.vasp,4.463698426882426
POSCAR_1033.vasp,4.614760438601176
POSCAR_1034.vasp,4.299208680788676
POSCAR_1035.vasp,4.890110373497009
POSCAR_1036.vasp,4.903660178184509
POSCAR_1037.vasp,4.667820334434509
POSCAR_1038.vasp,4.275435487429301
POSCAR_1039.vasp,4.659824728965759
POSCAR_1040.vasp,4.588895095719232
POSCAR_1041.vasp,4.453892111778259
POSCAR_1042.vasp,4.936476747194926
POSCAR_1043.vasp,4.770094911257426
POSCAR_1044.vasp,4.3707500219345095
POSCAR_1045.vasp,4.474717307090759
POSCAR_1046.vasp,4.392612814903259
POSCAR_1047.vasp,4.375956030119033
POSCAR_1048.vasp,4.380815591130938
POSCAR_1049.vasp,4.380771994590759
POSCAR_1050.vasp,4.795729676882426
POSCAR_1051.vasp,4.871972759564717
POSCAR_1052.vasp,4.363833285513378
POSCAR_1053.vasp,4.640883485476176
POSCAR_1054.vasp,4.338792014122009
POSCAR_1055.vasp,4.791742046674092
POSCAR_1056.vasp,4.456252137819926
POSCAR_1057.vasp,4.779321392377217
POSCAR_1058.vasp,4.745975852012634
POSCAR_1059.vasp,4.35297658443451
POSCAR_1060.vasp,4.783542990684509
POSCAR_1061.vasp,4.347548524538676
POSCAR_1062.vasp,4.466428732872009
POSCAR_1063.vasp,4.297255555788676
POSCAR_1064.vasp,4.875746766726176
POSCAR_1065.vasp,4.533990581830342
POSCAR_1066.vasp,4.773177186648051
POSCAR_1067.vasp,4.512221376101176
POSCAR_1068.vasp,4.402236024538676
POSCAR_1069.vasp,5.066766460736592
POSCAR_1070.vasp,4.752109885215759
POSCAR_1071.vasp,4.341973980267842
POSCAR_1072.vasp,4.292986001287188
POSCAR_1073.vasp,4.969842632611592
POSCAR_1074.vasp,4.526820985476176
POSCAR_1075.vasp,4.469401823149787
POSCAR_1076.vasp,4.22249330225445
POSCAR_1077.vasp,4.4120568718229025
POSCAR_1078.vasp,4.420346027328854
POSCAR_1079.vasp,4.730523784955342
POSCAR_1080.vasp,4.279229839642842
POSCAR_1081.vasp,4.283952798162188
POSCAR_1082.vasp,4.375248312950134
POSCAR_1083.vasp,4.445611675580342
POSCAR_1084.vasp,4.269911805788676
POSCAR_1085.vasp,4.395308534304301
POSCAR_1086.vasp,4.29166575272878
POSCAR_1087.vasp,4.2801424605505805
POSCAR_1088.vasp,4.284060336294628
POSCAR_1089.vasp,4.308238977477664
POSCAR_1090.vasp,4.436029156049092
POSCAR_1091.vasp,4.31245912256695
POSCAR_1092.vasp,4.448297222455342
POSCAR_1093.vasp,4.742008566856384
POSCAR_1094.vasp,4.394586284955342
POSCAR_1095.vasp,4.584039409955342
POSCAR_1096.vasp,4.684950868288676
POSCAR_1097.vasp,4.760431011517842
POSCAR_1098.vasp,4.297272994404747
POSCAR_1099.vasp,4.331676477477664
POSCAR_1100.vasp,4.507664084434509
POSCAR_1101.vasp,4.598809917767842
POSCAR_1102.vasp,4.640910612212287
POSCAR_1103.vasp,4.63391191429562
POSCAR_1104.vasp,4.906915386517842
POSCAR_1105.vasp,4.2997521843229025
POSCAR_1106.vasp,4.485440505875482
POSCAR_1107.vasp,4.653883973757426
POSCAR_1108.vasp,4.549981792767842
POSCAR_1109.vasp,4.384841005007426
POSCAR_1110.vasp,4.573480327924092
POSCAR_1111.vasp,4.534657899538676
POSCAR_1112.vasp,4.592970887819926
POSCAR_1113.vasp,4.457387391726176
POSCAR_1114.vasp,4.390639344851176
POSCAR_1115.vasp,4.4827698787053425
POSCAR_1116.vasp,4.342369255565462
POSCAR_1117.vasp,4.341485699017842
POSCAR_1118.vasp,4.475928709620521
POSCAR_1119.vasp,4.77960283226437
POSCAR_1120.vasp,4.34623118241628
POSCAR_1121.vasp,4.355790813763936
POSCAR_1122.vasp,4.415785829226176
POSCAR_1123.vasp,4.818448318375482
POSCAR_1124.vasp,4.729838834868537
POSCAR_1125.vasp,4.384591778119405
POSCAR_1126.vasp,4.770196636517842
POSCAR_1127.vasp,4.431463145074391
POSCAR_1128.vasp,4.339354554812114
POSCAR_1129.vasp,4.356490174929301
POSCAR_1130.vasp,4.382480978965759
POSCAR_1131.vasp,4.316161195437114
POSCAR_1132.vasp,4.694241775406732
POSCAR_1133.vasp,4.272383729616801
POSCAR_1134.vasp,4.759922385215759
POSCAR_1135.vasp,4.50534983476003
POSCAR_1136.vasp,4.3077303511755805
POSCAR_1137.vasp,4.351449688275655
POSCAR_1138.vasp,4.418170269330343
POSCAR_1139.vasp,4.359239300092061
POSCAR_1140.vasp,4.394765321413676
POSCAR_1141.vasp,4.433862408002217
POSCAR_1142.vasp,4.372242331504822
POSCAR_1143.vasp,4.348453879356384
POSCAR_1144.vasp,4.279273920589024
POSCAR_1145.vasp,4.279697775840759
POSCAR_1146.vasp,4.353601177533467
POSCAR_1147.vasp,4.318353374799092
POSCAR_1148.vasp,4.362332595719232
POSCAR_1149.vasp,4.30368967851003
POSCAR_1150.vasp,4.25776920053694
POSCAR_1151.vasp,4.272129416465759
POSCAR_1152.vasp,4.305580072932774
POSCAR_1153.vasp,4.215217524104649
POSCAR_1154.vasp,4.292047222455342
POSCAR_1155.vasp,4.352943354182774
POSCAR_1156.vasp,4.38812334007687
POSCAR_1157.vasp,4.333178136083815
POSCAR_1158.vasp,4.463390990539834
POSCAR_1159.vasp,4.464873353640239
POSCAR_1160.vasp,4.337579449017842
POSCAR_1161.vasp,4.382660693592495
POSCAR_1162.vasp,4.265951302316454
POSCAR_1163.vasp,4.445072531700134
POSCAR_1164.vasp,4.369182096587287
POSCAR_1165.vasp,4.313643495241801
POSCAR_1166.vasp,4.329156597455342
POSCAR_1167.vasp,4.27298899491628
POSCAR_1168.vasp,4.360828757286072
POSCAR_1169.vasp,4.416876832644145
POSCAR_1170.vasp,4.410760601361592
POSCAR_1171.vasp,4.364348451296489
POSCAR_1172.vasp,4.242045866118537
POSCAR_1173.vasp,4.381272991498311
POSCAR_1174.vasp,4.272735246905574
POSCAR_1175.vasp,4.506962180137634
POSCAR_1176.vasp,4.350640972455342
POSCAR_1177.vasp,4.304976503054301
POSCAR_1178.vasp,4.268772482872009
POSCAR_1179.vasp,4.284382224082947
POSCAR_1180.vasp,4.384772340456645
POSCAR_1181.vasp,4.320028450753954
POSCAR_1182.vasp,4.297687888145447
POSCAR_1183.vasp,4.363485482003954
POSCAR_1184.vasp,4.267816265424092
POSCAR_1185.vasp,4.238851692941454
POSCAR_1186.vasp,4.242961393462287
POSCAR_1187.vasp,4.492120464642842
POSCAR_1188.vasp,4.276523947715759
POSCAR_1189.vasp,4.294037646717495
POSCAR_1190.vasp,4.288278301556905
POSCAR_1191.vasp,4.291718310779995
POSCAR_1192.vasp,4.237512310345967
POSCAR_1193.vasp,4.356434226036072
POSCAR_1194.vasp,4.419746332698399
POSCAR_1195.vasp,4.2913326025009155
POSCAR_1196.vasp,4.209843039512634
POSCAR_1197.vasp,4.671950380007426
POSCAR_1198.vasp,4.888116558392842
POSCAR_1199.vasp,4.425693869590759
POSCAR_1200.vasp,4.635644634564717
POSCAR_1201.vasp,4.742934266726176
POSCAR_1202.vasp,4.700352072715759
POSCAR_1203.vasp,4.841546734174092
POSCAR_1204.vasp,4.628849387168884
POSCAR_1205.vasp,4.508599956830342
POSCAR_1206.vasp,4.614028016726176
POSCAR_1207.vasp,4.313488000915164
POSCAR_1208.vasp,4.633132020632426
POSCAR_1209.vasp,4.697147727012634
POSCAR_1210.vasp,4.776727398236592
POSCAR_1211.vasp,4.518345236778259
POSCAR_1212.vasp,4.645837505658467
POSCAR_1213.vasp,4.438267111778259
POSCAR_1214.vasp,4.778700868288676
POSCAR_1215.vasp,4.662937521934509
POSCAR_1216.vasp,4.312804988452366
POSCAR_1217.vasp,4.784885764122009
POSCAR_1218.vasp,4.809401551882426
POSCAR_1219.vasp,4.719130555788676
POSCAR_1220.vasp,4.742893576622009
POSCAR_1221.vasp,4.272724509239197
POSCAR_1222.vasp,4.749312440554301
POSCAR_1223.vasp,4.235846559206645
POSCAR_1224.vasp,4.328263958295186
POSCAR_1225.vasp,4.746494650840759
POSCAR_1226.vasp,4.571669618288676
POSCAR_1227.vasp,4.573927919069926
POSCAR_1228.vasp,4.669010519981384
POSCAR_1229.vasp,4.656366070111592
POSCAR_1230.vasp,4.603184103965759
POSCAR_1231.vasp,4.171212871869405
POSCAR_1232.vasp,4.679701844851176
POSCAR_1233.vasp,4.630853374799092
POSCAR_1234.vasp,4.845870057741801
POSCAR_1235.vasp,4.564497987429301
POSCAR_1236.vasp,4.740350445111592
POSCAR_1237.vasp,4.450392762819926
POSCAR_1238.vasp,4.764357606569926
POSCAR_1239.vasp,4.722406109174092
POSCAR_1240.vasp,4.721938172976176
POSCAR_1241.vasp,4.895949403444926
POSCAR_1242.vasp,4.838098247845967
POSCAR_1243.vasp,4.460294021500482
POSCAR_1244.vasp,4.360748394330343
POSCAR_1245.vasp,4.295668641726176
POSCAR_1246.vasp,4.595391949017842
POSCAR_1247.vasp,4.730150792333815
POSCAR_1248.vasp,4.618720942073399
POSCAR_1249.vasp,4.458381586604649
POSCAR_1250.vasp,4.582567784521315
POSCAR_1251.vasp,4.707906868722704
POSCAR_1252.vasp,4.396498719851176
POSCAR_1253.vasp,4.363783876101176
POSCAR_1254.vasp,4.566793587472704
POSCAR_1255.vasp,4.457790223757426
POSCAR_1256.vasp,4.479457704226176
POSCAR_1257.vasp,4.347308452924093
POSCAR_1258.vasp,4.638598057958815
POSCAR_1259.vasp,4.629374967681037
POSCAR_1260.vasp,4.681234505441454
POSCAR_1261.vasp,4.567010601361592
POSCAR_1262.vasp,4.590631206830342
POSCAR_1263.vasp,4.376200170744033
POSCAR_1264.vasp,4.432570497194926
POSCAR_1265.vasp,4.410550369156732
POSCAR_1266.vasp,4.892307639122009
POSCAR_1267.vasp,4.699395855267842
POSCAR_1268.vasp,4.268856406211853
POSCAR_1269.vasp,4.452447613080342
POSCAR_1270.vasp,4.817946473757426
POSCAR_1271.vasp,4.643813172976176
POSCAR_1272.vasp,4.732883810997009
POSCAR_1273.vasp,4.653700868288676
POSCAR_1274.vasp,4.2931331396102905
POSCAR_1275.vasp,4.848911643028259
POSCAR_1276.vasp,4.757175803184509
POSCAR_1277.vasp,4.648065288861592
POSCAR_1278.vasp,4.412083029747009
POSCAR_1279.vasp,4.600478212038676
POSCAR_1280.vasp,4.418911337852478
POSCAR_1281.vasp,4.406325380007426
POSCAR_1282.vasp,4.864109396934509
POSCAR_1283.vasp,4.458388368288676
POSCAR_1284.vasp,4.532985536257426
POSCAR_1285.vasp,4.287445171674093
POSCAR_1286.vasp,4.3095724503199255
POSCAR_1287.vasp,4.319942831993103
POSCAR_1288.vasp,4.594903667767842
POSCAR_1289.vasp,4.394036968549092
POSCAR_1290.vasp,4.42420461177826
POSCAR_1291.vasp,4.345632020632426
POSCAR_1292.vasp,4.274049480756124
POSCAR_1293.vasp,4.425217795372009
POSCAR_1294.vasp,4.752862652142842
POSCAR_1295.vasp,4.205896099408467
POSCAR_1296.vasp,4.938429872194926
POSCAR_1297.vasp,4.700799663861592
POSCAR_1298.vasp,4.248846538861593
POSCAR_1299.vasp,4.5271017471949255
POSCAR_1300.vasp,4.613320008913676
POSCAR_1301.vasp,4.291103212038676
POSCAR_1302.vasp,4.838800152142842
POSCAR_1303.vasp,4.582859396934509
POSCAR_1304.vasp,4.411627300580343
POSCAR_1305.vasp,4.64746171898312
POSCAR_1306.vasp,4.642999370892842
POSCAR_1307.vasp,4.311418255170186
POSCAR_1308.vasp,4.837823589642842
POSCAR_1309.vasp,4.831923524538676
POSCAR_1310.vasp,4.843174338340759
POSCAR_1311.vasp,4.945693055788676
POSCAR_1312.vasp,5.008742372194926
POSCAR_1313.vasp,4.3424495458602905
POSCAR_1314.vasp,4.632013042767842
POSCAR_1315.vasp,4.370748665597704
POSCAR_1316.vasp,4.687758485476176
POSCAR_1317.vasp,4.663568218549092
POSCAR_1318.vasp,4.607192079226176
POSCAR_1319.vasp,4.2833680232365925
POSCAR_1320.vasp,4.277113954226176
POSCAR_1321.vasp,4.770745952924092
POSCAR_1322.vasp,4.2635315974553425
POSCAR_1323.vasp,4.283323264122009
POSCAR_1324.vasp,4.278253277142842
POSCAR_1325.vasp,4.271325786908467
POSCAR_1326.vasp,4.266131695111593
POSCAR_1327.vasp,4.40622619787852
POSCAR_1328.vasp,4.757358908653259
POSCAR_1329.vasp,4.968194683392842
POSCAR_1330.vasp,4.376076356569926
POSCAR_1331.vasp,4.934279481569926
POSCAR_1332.vasp,4.808160503705342
POSCAR_1333.vasp,4.694207866986592
POSCAR_1334.vasp,3.1169971227645874
POSCAR_1335.vasp,3.3831433057785034
POSCAR_1336.vasp,4.337651928265889
POSCAR_1337.vasp,5.2485164403915405
POSCAR_1338.vasp,3.0082095861434937
POSCAR_1339.vasp,2.5919612646102905
POSCAR_1340.vasp,3.4168447256088257
POSCAR_1341.vasp,3.6091779470443726
POSCAR_1342.vasp,6.126789450645447
POSCAR_1343.vasp,3.9747642278671265
POSCAR_1344.vasp,3.290462851524353
POSCAR_1345.vasp,2.523992351123265
POSCAR_1346.vasp,4.01659619808197
POSCAR_1347.vasp,4.615238547325134
POSCAR_1348.vasp,2.7692504644393923
POSCAR_1349.vasp,4.15208915869395
POSCAR_1350.vasp,5.655915427207947
POSCAR_1351.vasp,2.7517771588431463
POSCAR_1352.vasp,1.1040538549423218
POSCAR_1353.vasp,2.956323027610779
POSCAR_1354.vasp,2.6752583583196006
POSCAR_1355.vasp,1.6760295629501343
POSCAR_1356.vasp,4.700107932090759
POSCAR_1357.vasp,1.4175647497177124
POSCAR_1358.vasp,4.629374289512635
POSCAR_1359.vasp,3.2264878352483115
POSCAR_1360.vasp,3.7255430618921914
POSCAR_1361.vasp,4.240015387535095
POSCAR_1362.vasp,3.4448716243108115
POSCAR_1363.vasp,3.1590242783228555
POSCAR_1364.vasp,4.180946707725525
POSCAR_1365.vasp,5.476971983909607
POSCAR_1366.vasp,5.2486079931259155
POSCAR_1367.vasp,4.5095332860946655
POSCAR_1368.vasp,2.0088237524032593
POSCAR_1369.vasp,2.3948304255803428
POSCAR_1370.vasp,4.3197101354599
POSCAR_1371.vasp,2.1696819067001343
POSCAR_1372.vasp,2.3205646276474
POSCAR_1373.vasp,2.3365825414657593
POSCAR_1374.vasp,2.0061102310816445
POSCAR_1375.vasp,4.350783387819926
POSCAR_1376.vasp,4.2649348974227905
POSCAR_1377.vasp,4.255878806114197
POSCAR_1378.vasp,4.423951824506124
POSCAR_1379.vasp,3.8069398005803428
POSCAR_1380.vasp,4.170231223106384
POSCAR_1381.vasp,5.050411581993103
POSCAR_1382.vasp,4.366525371869405
POSCAR_1383.vasp,4.386898398399353
POSCAR_1384.vasp,4.327152609825134
POSCAR_1385.vasp,4.484852194786072
POSCAR_1386.vasp,2.319057822227478
POSCAR_1387.vasp,4.388363242149353
POSCAR_1388.vasp,4.257328391075134
POSCAR_1389.vasp,4.340484976768494
POSCAR_1390.vasp,3.8109229803085327
POSCAR_1391.vasp,4.3209041357040405
POSCAR_1392.vasp,4.266384482383728
POSCAR_1393.vasp,5.5542072057724
POSCAR_1394.vasp,3.969887137413025
POSCAR_1395.vasp,2.5682891607284546
POSCAR_1396.vasp,2.88048779964447
POSCAR_1397.vasp,5.267576575279236
POSCAR_1398.vasp,3.111671805381775
POSCAR_1399.vasp,4.849963545799255
POSCAR_1400.vasp,2.461809515953064
POSCAR_1401.vasp,3.9889568090438843
POSCAR_1402.vasp,4.020267844200134
POSCAR_1403.vasp,4.1656612157821655
POSCAR_1404.vasp,4.510361075401306
POSCAR_1405.vasp,4.843763709068298
POSCAR_1406.vasp,5.2064937353134155
POSCAR_1407.vasp,3.236404776573181
POSCAR_1408.vasp,3.7932170629501343
POSCAR_1409.vasp,2.883905980322096
POSCAR_1410.vasp,5.206928610801697
POSCAR_1411.vasp,3.0214580297470093
POSCAR_1412.vasp,2.7515300512313843
POSCAR_1413.vasp,1.9955539913738476
POSCAR_1414.vasp,2.6065562963485718
POSCAR_1415.vasp,2.248625332658941
POSCAR_1416.vasp,1.5002649589018389
POSCAR_1417.vasp,2.5557445287704468
POSCAR_1418.vasp,4.4308284521102905
POSCAR_1419.vasp,3.1413188695907595
POSCAR_1420.vasp,4.21149970803942
POSCAR_1421.vasp,4.219295859336853
POSCAR_1422.vasp,4.600925803184509
POSCAR_1423.vasp,4.366672873497009
POSCAR_1424.vasp,3.983608603477478
POSCAR_1425.vasp,4.7114337682724
POSCAR_1426.vasp,3.522804617881775
POSCAR_1427.vasp,4.910547995567322
POSCAR_1428.vasp,2.8524211645126343
POSCAR_1429.vasp,3.2752193212509155
POSCAR_1430.vasp,4.557667136192322
POSCAR_1431.vasp,4.7028011083602905
POSCAR_1432.vasp,4.246673941612244
POSCAR_1433.vasp,4.924100852012634
POSCAR_1434.vasp,2.9319347143173218
POSCAR_1435.vasp,4.123136878013611
POSCAR_1436.vasp,3.8991931676864624
POSCAR_1437.vasp,3.878219962120056
POSCAR_1438.vasp,3.9260295629501343
POSCAR_1439.vasp,2.690639853477478
POSCAR_1440.vasp,4.839741110801697
POSCAR_1441.vasp,3.2214092016220093
POSCAR_1442.vasp,4.8647273778915405
POSCAR_1443.vasp,3.8826030492782593
POSCAR_1444.vasp,4.5578731298446655
POSCAR_1445.vasp,2.2654489278793335
POSCAR_1446.vasp,5.811375021934509
POSCAR_1447.vasp,3.5099414587020874
POSCAR_1448.vasp,4.078956961631775
POSCAR_1449.vasp,2.487045645713806
POSCAR_1450.vasp,3.5970462560653687
POSCAR_1451.vasp,4.307522177696228
POSCAR_1452.vasp,4.407047629356384
POSCAR_1453.vasp,4.746570944786072
POSCAR_1454.vasp,5.523769736289978
POSCAR_1455.vasp,3.590289664268494
POSCAR_1456.vasp,3.404384970664978
POSCAR_1457.vasp,4.3764766454696655
POSCAR_1458.vasp,6.144997000694275
POSCAR_1459.vasp,4.866624236106873
POSCAR_1460.vasp,5.213096976280212
POSCAR_1461.vasp,4.517216086387634
POSCAR_1462.vasp,3.4686092138290405
POSCAR_1463.vasp,3.8739131689071655
POSCAR_1464.vasp,4.626115884099688
POSCAR_1465.vasp,4.292568564414978
POSCAR_1466.vasp,4.540317893028259
POSCAR_1467.vasp,3.5008891820907593
POSCAR_1468.vasp,5.7297176122665405
POSCAR_1469.vasp,6.2214683294296265
POSCAR_1470.vasp,6.414425253868103
POSCAR_1471.vasp,3.8285869359970093
POSCAR_1472.vasp,4.63520085811615
POSCAR_1473.vasp,3.269985556602478
POSCAR_1474.vasp,3.7430660009384153
POSCAR_1475.vasp,2.8798831701278687
POSCAR_1476.vasp,4.6352351903915405
POSCAR_1477.vasp,5.538551688194275
POSCAR_1478.vasp,5.220493674278259
POSCAR_1479.vasp,4.409443259239197
POSCAR_1480.vasp,3.8019171158472695
POSCAR_1481.vasp,5.755313277244568
POSCAR_1482.vasp,4.195103049278259
POSCAR_1483.vasp,5.020790457725525
POSCAR_1484.vasp,4.220924735069275
POSCAR_1485.vasp,5.098652243614197
POSCAR_1486.vasp,3.2682994604110718
POSCAR_1487.vasp,5.189445853233337
POSCAR_1488.vasp,4.867786765098572
POSCAR_1489.vasp,4.497405409812927
POSCAR_1490.vasp,5.032380779584249
POSCAR_1491.vasp,2.0206950902938843
POSCAR_1492.vasp,4.115028738975525
POSCAR_1493.vasp,5.09034230709076
POSCAR_1494.vasp,4.6601279973983765
POSCAR_1495.vasp,5.014152884483337
POSCAR_1496.vasp,6.801603039105733
POSCAR_1497.vasp,4.356068015098572
POSCAR_1498.vasp,5.105286765098572
POSCAR_1499.vasp,5.0084308385849
POSCAR_1500.vasp,3.771774649620056
POSCAR_1501.vasp,4.805881857872009
POSCAR_1502.vasp,4.576816916465759
POSCAR_1503.vasp,5.106647849082947
POSCAR_1504.vasp,5.7177242040634155
POSCAR_1505.vasp,4.954941153526306
POSCAR_1506.vasp,3.9248088598251343
POSCAR_1507.vasp,3.6308266719182334
POSCAR_1508.vasp,4.011162161827087
POSCAR_1509.vasp,4.7719806432724
POSCAR_1510.vasp,3.1685556173324585
POSCAR_1511.vasp,5.048832297325134
POSCAR_1512.vasp,4.91867736975352
POSCAR_1513.vasp,5.10904602209727
POSCAR_1514.vasp,4.871124625205994
POSCAR_1515.vasp,3.3910259008407593
POSCAR_1516.vasp,6.100395560264587
POSCAR_1517.vasp,4.721542716026306
POSCAR_1518.vasp,5.090631206830342
POSCAR_1519.vasp,5.102161765098572
POSCAR_1520.vasp,4.516178488731384
POSCAR_1521.vasp,4.552505850791931
POSCAR_1522.vasp,4.066044211387634
POSCAR_1523.vasp,4.396683096885681
POSCAR_1524.vasp,5.226806998252869
POSCAR_1525.vasp,5.346920371055603
POSCAR_1526.vasp,4.971601843833923
POSCAR_1527.vasp,5.02445383866628
POSCAR_1528.vasp,4.129213054974874
POSCAR_1529.vasp,3.2200257380803428
POSCAR_1530.vasp,4.785414099693298
POSCAR_1531.vasp,2.8667339086532593
POSCAR_1532.vasp,2.8442882299423218
POSCAR_1533.vasp,2.4405711889266968
POSCAR_1534.vasp,3.8854259252548218
POSCAR_1535.vasp,5.153324484825134
POSCAR_1536.vasp,5.507984519004822
POSCAR_1537.vasp,2.284664511680603
POSCAR_1538.vasp,4.93276059627533
POSCAR_1539.vasp,4.290180563926697
POSCAR_1540.vasp,3.1957324743270874
POSCAR_1541.vasp,4.402248740196228
POSCAR_1542.vasp,3.8846935033798218
POSCAR_1543.vasp,4.7829612493515015
POSCAR_1544.vasp,5.185482382774353
POSCAR_1545.vasp,5.752685904502869
POSCAR_1546.vasp,4.436306357383728
POSCAR_1547.vasp,4.325615286827087
POSCAR_1548.vasp,5.4695457220077515
POSCAR_1549.vasp,2.0080054998397827
POSCAR_1550.vasp,3.841062903404236
POSCAR_1551.vasp,3.7758380651473997
POSCAR_1552.vasp,5.756092429161072
POSCAR_1553.vasp,3.2495769262313843
POSCAR_1554.vasp,3.3496593236923218
POSCAR_1555.vasp,4.699172059694926
POSCAR_1556.vasp,3.433304190635681
POSCAR_1557.vasp,5.673195242881775
POSCAR_1558.vasp,5.365894675254822
POSCAR_1559.vasp,3.1192935705184937
POSCAR_1560.vasp,4.856228232383728
POSCAR_1561.vasp,4.320331931114197
POSCAR_1562.vasp,6.365078330039978
POSCAR_1563.vasp,4.181457877159119
POSCAR_1564.vasp,3.9410289525985718
POSCAR_1565.vasp,2.0684182246526084
POSCAR_1566.vasp,6.356777548789978
POSCAR_1567.vasp,4.202762961387634
POSCAR_1568.vasp,1.4382652044296265
POSCAR_1569.vasp,4.831498312950134
POSCAR_1570.vasp,4.532917380332947
POSCAR_1571.vasp,4.22626531124115
POSCAR_1572.vasp,3.6253551244735718
POSCAR_1573.vasp,4.950525005658467
POSCAR_1574.vasp,4.122236609458923
POSCAR_1575.vasp,4.9399532079696655
POSCAR_1576.vasp,2.7175182104110718
POSCAR_1577.vasp,5.202085852622986
POSCAR_1578.vasp,4.658371329307556
POSCAR_1579.vasp,4.781043601036072
POSCAR_1580.vasp,4.830101625124613
POSCAR_1581.vasp,3.310470938682556
POSCAR_1582.vasp,2.6601299047470093
POSCAR_1583.vasp,5.179073691368103
POSCAR_1584.vasp,5.108703970909119
POSCAR_1585.vasp,4.983896613121033
POSCAR_1586.vasp,4.4225887060165405
POSCAR_1587.vasp,5.199177145957947
POSCAR_1588.vasp,5.3036311864852905
POSCAR_1589.vasp,3.788978934288025
POSCAR_1590.vasp,5.240043997764587
POSCAR_1591.vasp,6.143580476442973
POSCAR_1592.vasp,3.9881277481714883
POSCAR_1593.vasp,5.626282095909119
POSCAR_1594.vasp,3.0017627477645874
POSCAR_1595.vasp,5.99279134273529
POSCAR_1596.vasp,4.376570741335551
POSCAR_1597.vasp,4.444660544395447
POSCAR_1598.vasp,3.3957256078720093
POSCAR_1599.vasp,3.8485110998153687
POSCAR_1600.vasp,3.242361214425829
POSCAR_1601.vasp,4.822403311729431
POSCAR_1602.vasp,3.5740092992782593
POSCAR_1603.vasp,4.726192831993103
POSCAR_1604.vasp,2.9159377813339233
POSCAR_1605.vasp,6.228869223594666
POSCAR_1606.vasp,5.360594789187114
POSCAR_1607.vasp,5.180618643760681
POSCAR_1608.vasp,4.017670035362244
POSCAR_1609.vasp,4.1148761510849
POSCAR_1610.vasp,4.223713278770447
POSCAR_1611.vasp,5.2294124364852905
POSCAR_1612.vasp,5.084690451622009
POSCAR_1613.vasp,5.138512015342712
POSCAR_1614.vasp,5.44245412349701
POSCAR_1615.vasp,5.71479070186615
POSCAR_1616.vasp,3.0543559789657593
POSCAR_1617.vasp,4.850096742312114
POSCAR_1618.vasp,5.215084433555603
POSCAR_1619.vasp,6.087990164756775
POSCAR_1620.vasp,4.908298850059509
POSCAR_1621.vasp,5.64444100856781
POSCAR_1622.vasp,2.58954656124115
POSCAR_1623.vasp,5.455360770225525
POSCAR_1624.vasp,3.409283995628357
POSCAR_1625.vasp,3.0844005346298218
POSCAR_1626.vasp,3.1048702001571655
POSCAR_1627.vasp,1.1056509415308635
POSCAR_1628.vasp,4.891945242881775
POSCAR_1629.vasp,4.3746455907821655
POSCAR_1630.vasp,3.6157268285751343
POSCAR_1631.vasp,2.8785480260849
POSCAR_1632.vasp,4.038448691368103
POSCAR_1633.vasp,4.345322012901306
POSCAR_1634.vasp,3.9244579076766968
POSCAR_1635.vasp,3.193081259727478
POSCAR_1636.vasp,3.1806682348251343
POSCAR_1637.vasp,5.607733130455017
POSCAR_1638.vasp,3.1416515111923218
POSCAR_1639.vasp,4.326004385948181
POSCAR_1640.vasp,2.8749583959579468
POSCAR_1641.vasp,1.371395468711853
POSCAR_1642.vasp,3.4949573278427124
POSCAR_1643.vasp,2.272690176963806
POSCAR_1644.vasp,3.165361762046814
POSCAR_1645.vasp,1.774672547976176
POSCAR_1646.vasp,3.918312430381775
POSCAR_1647.vasp,6.206058859825134
POSCAR_1648.vasp,4.1682208776474
POSCAR_1649.vasp,5.268925070762634
POSCAR_1650.vasp,2.943198243776957
POSCAR_1651.vasp,4.7885555028915405
POSCAR_1652.vasp,4.201984763145447
POSCAR_1653.vasp,4.7313655614852905
POSCAR_1654.vasp,4.512102484703064
POSCAR_1655.vasp,4.773983359336853
POSCAR_1656.vasp,3.8304078181584678
POSCAR_1657.vasp,4.850763042767842
POSCAR_1658.vasp,4.215420126914978
POSCAR_1659.vasp,5.088978171348572
POSCAR_1660.vasp,4.6019004583358765
POSCAR_1661.vasp,5.372425436973572
POSCAR_1662.vasp,6.221798300743103
POSCAR_1663.vasp,1.2068732976913452
POSCAR_1664.vasp,4.822746634483337
POSCAR_1665.vasp,3.4045451879501343
POSCAR_1666.vasp,4.7662166357040405
POSCAR_1667.vasp,2.6861766576766968
POSCAR_1668.vasp,4.64255432287852
POSCAR_1669.vasp,4.682621359825134
POSCAR_1670.vasp,6.052324652671814
POSCAR_1671.vasp,1.310329794883728
POSCAR_1672.vasp,4.9052547216415405
POSCAR_1673.vasp,4.47057569026947
POSCAR_1674.vasp,5.195932110150655
POSCAR_1675.vasp,2.4913448095321655
POSCAR_1676.vasp,3.9064067602157593
POSCAR_1677.vasp,3.846920371055603
POSCAR_1678.vasp,5.247761130332947
POSCAR_1679.vasp,4.686893820762634
POSCAR_1680.vasp,4.9822410345077515
POSCAR_1681.vasp,4.005741477012634
POSCAR_1682.vasp,2.8672374486923218
POSCAR_1683.vasp,4.873905539512634
POSCAR_1684.vasp,4.151798605918884
POSCAR_1685.vasp,4.083835959434509
POSCAR_1686.vasp,4.297489523887634
POSCAR_1687.vasp,4.058079123497009
POSCAR_1688.vasp,4.180647889773051
POSCAR_1689.vasp,4.7122417211532595
POSCAR_1690.vasp,3.8779236872990928
POSCAR_1691.vasp,4.599644064903259
POSCAR_1692.vasp,4.140700380007426
POSCAR_1693.vasp,3.9960216283798218
POSCAR_1694.vasp,3.0842326879501343
POSCAR_1695.vasp,4.7803874731063845
POSCAR_1696.vasp,3.852072755495707
POSCAR_1697.vasp,3.3408092260360718
POSCAR_1698.vasp,4.362903952598572
POSCAR_1699.vasp,2.6463207006454468
POSCAR_1700.vasp,4.1492379036816684
POSCAR_1701.vasp,4.158583680788676
POSCAR_1702.vasp,4.306395570437114
POSCAR_1703.vasp,4.442478537559509
POSCAR_1704.vasp,4.667812705039978
POSCAR_1705.vasp,4.941898703575134
POSCAR_1706.vasp,2.1463702917099
POSCAR_1707.vasp,3.0631755590438843
POSCAR_1708.vasp,4.165653586387634
POSCAR_1709.vasp,4.698765158653259
POSCAR_1710.vasp,4.171482443809509
POSCAR_1711.vasp,4.646900534629822
POSCAR_1712.vasp,3.757936199506124
POSCAR_1713.vasp,4.115852289729649
POSCAR_1714.vasp,4.7724422216415405
POSCAR_1715.vasp,4.974689841270447
POSCAR_1716.vasp,3.000746766726176
POSCAR_1717.vasp,5.969154715538025
POSCAR_1718.vasp,4.033659974733989
POSCAR_1719.vasp,3.906996766726176
POSCAR_1720.vasp,4.150466005007426
POSCAR_1721.vasp,4.147648215293884
POSCAR_1722.vasp,4.182824810345967
POSCAR_1723.vasp,3.9570252497990928
POSCAR_1724.vasp,4.194209320204599
POSCAR_1725.vasp,3.1727234919865928
POSCAR_1726.vasp,4.191476543744405
POSCAR_1727.vasp,4.095676779747009
POSCAR_1728.vasp,3.5765784978866577
POSCAR_1729.vasp,5.203667044639587
POSCAR_1730.vasp,3.7519013484319053
POSCAR_1731.vasp,4.195362448692322
POSCAR_1732.vasp,4.5250056982040405
POSCAR_1733.vasp,5.001602530479431
POSCAR_1734.vasp,4.313602805137634
POSCAR_1735.vasp,4.829065680503845
POSCAR_1736.vasp,4.679500937461853
POSCAR_1737.vasp,1.112465262413025
POSCAR_1738.vasp,5.177189230918884
POSCAR_1739.vasp,5.151859641075134
POSCAR_1740.vasp,5.217773795127869
POSCAR_1741.vasp,5.278663992881775
POSCAR_1742.vasp,4.942814230918884
POSCAR_1743.vasp,4.470539450645447
POSCAR_1744.vasp,4.607822775840759
POSCAR_1745.vasp,4.618564963340759
POSCAR_1746.vasp,4.724308371543884
POSCAR_1747.vasp,4.579309185345967
POSCAR_1748.vasp,4.214420676231384
POSCAR_1749.vasp,4.666441957155864
POSCAR_1750.vasp,2.1778157388462738
POSCAR_1751.vasp,5.253162741661072
POSCAR_1752.vasp,4.233524680137634
POSCAR_1753.vasp,5.427540183067322
POSCAR_1754.vasp,5.202061057090759
POSCAR_1755.vasp,4.4079402685165405
POSCAR_1756.vasp,4.129716958318438
POSCAR_1757.vasp,4.429848074913025
POSCAR_1758.vasp,4.752404888470967
POSCAR_1759.vasp,4.688389182090759
POSCAR_1760.vasp,4.468703309694926
POSCAR_1761.vasp,4.22571828365326
POSCAR_1762.vasp,4.950123190879822
POSCAR_1763.vasp,3.8967021703720093
POSCAR_1764.vasp,4.212173819541931
POSCAR_1765.vasp,2.6634868383407593
POSCAR_1766.vasp,4.729191184043884
POSCAR_1767.vasp,2.8176555395126344
POSCAR_1768.vasp,4.461567282676697
POSCAR_1769.vasp,4.03311828772227
POSCAR_1770.vasp,4.902744650840759
POSCAR_1771.vasp,4.833610892295837
POSCAR_1772.vasp,4.406284689903259
POSCAR_1773.vasp,2.8682292699813843
POSCAR_1774.vasp,5.176174521446228
POSCAR_1775.vasp,3.9244121313095093
POSCAR_1776.vasp,4.355915427207947
POSCAR_1777.vasp,6.391048789024353
POSCAR_1778.vasp,5.1434444189071655
POSCAR_1779.vasp,5.489395499229431
POSCAR_1780.vasp,5.345473329226176
POSCAR_1781.vasp,5.761219382286072
POSCAR_1782.vasp,4.791534781455994
POSCAR_1783.vasp,4.8923152685165405
POSCAR_1784.vasp,1.0579265356063843
POSCAR_1785.vasp,4.169386903444926
POSCAR_1786.vasp,4.667713522911072
POSCAR_1787.vasp,2.9641307592391968
POSCAR_1788.vasp,3.0156949758529663
POSCAR_1789.vasp,3.945562720298767
POSCAR_1790.vasp,3.8160351514816284
POSCAR_1791.vasp,4.946743369102478
POSCAR_1792.vasp,2.2647441625595093
POSCAR_1793.vasp,2.036617636680603
POSCAR_1794.vasp,3.6170238256454468
POSCAR_1795.vasp,4.614609122276306
POSCAR_1796.vasp,5.269474387168884
POSCAR_1797.vasp,3.4360889196395874
POSCAR_1798.vasp,3.287704825401306
POSCAR_1799.vasp,3.3956035375595093
POSCAR_1800.vasp,3.194544196128845
POSCAR_1801.vasp,4.152497458457947
POSCAR_1802.vasp,2.9759334325790405
POSCAR_1803.vasp,4.574196219444275
POSCAR_1804.vasp,3.4372934103012085
POSCAR_1805.vasp,3.084140181541443
POSCAR_1806.vasp,4.085035300254821
POSCAR_1807.vasp,3.1384254693984985
POSCAR_1808.vasp,2.9856850703557334
POSCAR_1809.vasp,2.5099376440048218
POSCAR_1810.vasp,4.596840262413025
POSCAR_1811.vasp,3.9468616247177124
POSCAR_1812.vasp,3.1237275203069053
POSCAR_1813.vasp,2.6315783262252808
POSCAR_1814.vasp,3.851393739382426
POSCAR_1815.vasp,5.444519400596619
POSCAR_1816.vasp,3.3912090063095093
POSCAR_1817.vasp,3.5227831602096558
POSCAR_1818.vasp,4.617302298545837
POSCAR_1819.vasp,1.9127010107040405
POSCAR_1820.vasp,3.992418646812439
POSCAR_1821.vasp,3.507585883140564
POSCAR_1822.vasp,3.8264100154240928
POSCAR_1823.vasp,3.19886847337087
POSCAR_1824.vasp,4.6658335129419966
POSCAR_1825.vasp,5.689484000205994
POSCAR_1826.vasp,2.6563787857691445
POSCAR_1827.vasp,3.2325633764266968
POSCAR_1828.vasp,3.6419366598129272
POSCAR_1829.vasp,3.7445892095565796
POSCAR_1830.vasp,4.016163229942322
POSCAR_1831.vasp,5.108631491661072
POSCAR_1832.vasp,3.9050763845443726
POSCAR_1833.vasp,3.7649760961532595
POSCAR_1834.vasp,2.832130789756775
POSCAR_1835.vasp,3.436317801475525
POSCAR_1836.vasp,2.6329845190048218
POSCAR_1837.vasp,2.7342113256454468
POSCAR_1838.vasp,4.560561219851176
POSCAR_1839.vasp,4.494757692019145
POSCAR_1840.vasp,2.7648967504501343
POSCAR_1841.vasp,3.789198915163676
POSCAR_1842.vasp,4.156910300254822
POSCAR_1843.vasp,4.418899893760681
POSCAR_1844.vasp,1.7414348363876342
POSCAR_1845.vasp,1.585549303463527
POSCAR_1846.vasp,3.6939433813095093
POSCAR_1847.vasp,4.796848654747009
POSCAR_1848.vasp,4.127445578575134
POSCAR_1849.vasp,3.448684505053929
POSCAR_1850.vasp,1.9603770971298218
POSCAR_1851.vasp,2.173208074136214
POSCAR_1852.vasp,2.119039681222704
POSCAR_1853.vasp,4.309327996694124
POSCAR_1854.vasp,2.5603374242782593
POSCAR_1855.vasp,2.300217795372009
POSCAR_1856.vasp,2.2169561783472695
POSCAR_1857.vasp,3.829483389854431
POSCAR_1858.vasp,3.179070258140564
POSCAR_1859.vasp,4.381496787071228
POSCAR_1860.vasp,3.8284982442855835
POSCAR_1861.vasp,3.9641307592391968
POSCAR_1862.vasp,3.0583686590194703
POSCAR_1863.vasp,5.2022517919540405
POSCAR_1864.vasp,3.139156699180603
POSCAR_1865.vasp,3.1515125036239624
POSCAR_1866.vasp,4.785233664512634
POSCAR_1867.vasp,3.3986438512802124
POSCAR_1868.vasp,2.0806272540773665
POSCAR_1869.vasp,2.6230141719182334
POSCAR_1870.vasp,4.875645041465759
POSCAR_1871.vasp,4.205143332481384
POSCAR_1872.vasp,4.154603171348572
POSCAR_1873.vasp,3.3899185487202237
POSCAR_1874.vasp,2.9337077856063845
POSCAR_1875.vasp,3.525794577598572
POSCAR_1876.vasp,3.0271610021591187
POSCAR_1877.vasp,3.856979727745056
POSCAR_1878.vasp,2.699001669883728
POSCAR_1879.vasp,2.424587607383728
POSCAR_1880.vasp,2.1629506008965627
POSCAR_1881.vasp,4.300846457481384
POSCAR_1882.vasp,4.053459525108337
POSCAR_1883.vasp,4.150570273399353
POSCAR_1884.vasp,4.5310176610946655
POSCAR_1885.vasp,4.084766745567322
POSCAR_1886.vasp,4.29825754960378
POSCAR_1887.vasp,2.0114075740178428
POSCAR_1888.vasp,3.5311219294865928
POSCAR_1889.vasp,3.0682910680770874
POSCAR_1890.vasp,3.7295039892196655
POSCAR_1891.vasp,5.0092891454696655
POSCAR_1892.vasp,1.3239635229110718
POSCAR_1893.vasp,3.539856950441996
POSCAR_1894.vasp,4.831379294395447
POSCAR_1895.vasp,2.1751648982365928
POSCAR_1896.vasp,3.3677772283554077
POSCAR_1897.vasp,2.271128439903259
POSCAR_1898.vasp,3.076071415628706
POSCAR_1899.vasp,2.561646819114685
POSCAR_1900.vasp,3.3984721899032593
POSCAR_1901.vasp,3.756069540977478
POSCAR_1902.vasp,3.018647638234225
POSCAR_1903.vasp,2.0929258380617415
POSCAR_1904.vasp,3.7922099828720093
POSCAR_1905.vasp,4.605305075645447
POSCAR_1906.vasp,3.4113658666610718
POSCAR_1907.vasp,3.3368371725082397
POSCAR_1908.vasp,3.8504737615585327
POSCAR_1909.vasp,4.664818167686462
POSCAR_1910.vasp,3.5936015844345093
POSCAR_1911.vasp,3.455336610476176
POSCAR_1912.vasp,3.1877151250839235
POSCAR_1913.vasp,2.9984058141708374
POSCAR_1914.vasp,2.4914592504501343
POSCAR_1915.vasp,3.279073860910204
POSCAR_1916.vasp,3.4377364450030856
POSCAR_1917.vasp,3.309494376182556
POSCAR_1918.vasp,3.4034732580184937
POSCAR_1919.vasp,4.717193961143494
POSCAR_1920.vasp,4.830727934837341
POSCAR_1921.vasp,5.378372550010681
POSCAR_1922.vasp,3.8506168127059937
POSCAR_1923.vasp,3.2352222204208374
POSCAR_1924.vasp,5.089626669883728
POSCAR_1925.vasp,4.694546103477478
POSCAR_1926.vasp,4.640285849571228
POSCAR_1927.vasp,3.7252740349088396
POSCAR_1928.vasp,4.895384192466736
POSCAR_1929.vasp,4.607792258262634
POSCAR_1930.vasp,3.145656943321228
POSCAR_1931.vasp,4.359529217084249
POSCAR_1932.vasp,4.929837478531732
POSCAR_1933.vasp,4.2030147314071655
POSCAR_1934.vasp,4.0032771825790405
POSCAR_1935.vasp,4.444881796836853
POSCAR_1936.vasp,4.853002270062764
POSCAR_1937.vasp,1.9663365019692316
POSCAR_1938.vasp,3.5621928930282594
POSCAR_1939.vasp,3.1063477595647178
POSCAR_1940.vasp,1.0945152044296265
POSCAR_1941.vasp,1.8780995266778129
POSCAR_1942.vasp,2.2381851502827237
POSCAR_1943.vasp,3.850918173789978
POSCAR_1944.vasp,4.240101218223572
POSCAR_1945.vasp,3.3266329632865057
POSCAR_1946.vasp,3.8967212438583374
POSCAR_1947.vasp,4.229413866996765
POSCAR_1948.vasp,2.7329957087834678
POSCAR_1949.vasp,3.6330882787704466
POSCAR_1950.vasp,3.721788763999939
POSCAR_1951.vasp,2.8704112768173218
POSCAR_1952.vasp,2.212729130472456
POSCAR_1953.vasp,3.4513019323349
POSCAR_1954.vasp,4.832641959190369
POSCAR_1955.vasp,3.090389609336853
POSCAR_1956.vasp,4.165154814720154
POSCAR_1957.vasp,3.2234004735946655
POSCAR_1958.vasp,3.5405162572860718
POSCAR_1959.vasp,3.3839091062545776
POSCAR_1960.vasp,3.2384959936141966
POSCAR_1961.vasp,3.7674793004989624
POSCAR_1962.vasp,3.9076183080673217
POSCAR_1963.vasp,4.009058356285095
POSCAR_1964.vasp,2.379249167442322
POSCAR_1965.vasp,3.1412351642336165
POSCAR_1966.vasp,3.3979817628860474
POSCAR_1967.vasp,3.4872139162487454
POSCAR_1968.vasp,4.166561961174011
POSCAR_1969.vasp,3.7148536443710327
POSCAR_1970.vasp,3.3188060522079468
POSCAR_1971.vasp,3.7205699682235718
POSCAR_1972.vasp,2.5890514135360716
POSCAR_1973.vasp,3.323149085044861
POSCAR_1974.vasp,3.345144248008728
POSCAR_1975.vasp,3.2313274145126343
POSCAR_1976.vasp,2.7172054052352905
POSCAR_1977.vasp,3.4809245824813844
POSCAR_1978.vasp,2.227607321739197
POSCAR_1979.vasp,4.66266896724701
POSCAR_1980.vasp,2.221340537071228
POSCAR_1981.vasp,3.117758790651957
POSCAR_1982.vasp,4.713962912559509
POSCAR_1983.vasp,2.164655661582947
POSCAR_1984.vasp,4.379182537396749
POSCAR_1985.vasp,3.0528518983295987
POSCAR_1986.vasp,3.6829036474227905
POSCAR_1987.vasp,4.109055685997009
POSCAR_1988.vasp,4.981991171836853
POSCAR_1989.vasp,5.940403342247009
POSCAR_1990.vasp,2.064460349082947
POSCAR_1991.vasp,4.318081259727478
POSCAR_1992.vasp,4.6776145696640015
POSCAR_1993.vasp,4.647724509239197
POSCAR_1994.vasp,4.9728816747665405
POSCAR_1995.vasp,4.556812644004822
POSCAR_1996.vasp,4.152308249473572
POSCAR_1997.vasp,4.401478171348572
POSCAR_1998.vasp,4.551960349082947
POSCAR_1999.vasp,4.57599675655365
POSCAR_2000.vasp,4.402424216270447
POSCAR_2001.vasp,4.965244650840759
POSCAR_2002.vasp,5.022457480430603
POSCAR_2003.vasp,4.574905753135681
POSCAR_2004.vasp,4.565262198448181
POSCAR_2005.vasp,4.612778830528259
POSCAR_2006.vasp,4.391506552696228
POSCAR_2007.vasp,4.620614727338155
POSCAR_2008.vasp,4.560333609580994
POSCAR_2009.vasp,4.236683249473572
POSCAR_2010.vasp,3.3828483636562643
POSCAR_2011.vasp,4.553547263145447
POSCAR_2012.vasp,3.0563262701034546
POSCAR_2013.vasp,4.768624981244405
POSCAR_2014.vasp,4.450738628705342
POSCAR_2015.vasp,4.637781500816345
POSCAR_2016.vasp,3.750498557090759
POSCAR_2017.vasp,4.732410788536072
POSCAR_2018.vasp,4.759022116661072
POSCAR_2019.vasp,4.1417766332626345
POSCAR_2020.vasp,4.588196921348572
POSCAR_2021.vasp,4.120692038536072
POSCAR_2022.vasp,4.1444621801376345
POSCAR_2023.vasp,4.8845638036727905
POSCAR_2024.vasp,4.394588828086853
POSCAR_2025.vasp,4.647388815879822
POSCAR_2026.vasp,4.610589702924092
POSCAR_2027.vasp,4.9835017919540405
POSCAR_2028.vasp,4.3873103857040405
POSCAR_2029.vasp,4.173282980918884
POSCAR_2030.vasp,4.585421347618103
POSCAR_2031.vasp,4.139689230918885
POSCAR_2032.vasp,4.625313925743103
POSCAR_2033.vasp,4.949367880821228
POSCAR_2034.vasp,4.5463069677352905
POSCAR_2035.vasp,4.8774532079696655
POSCAR_2036.vasp,4.563289999961853
POSCAR_2037.vasp,4.847858786582947
POSCAR_2038.vasp,4.636427919069926
POSCAR_2039.vasp,4.654575705528259
POSCAR_2040.vasp,4.652495423952739
POSCAR_2041.vasp,4.633640646934509
POSCAR_2042.vasp,4.1536784887313845
POSCAR_2043.vasp,4.644087831179301
POSCAR_2044.vasp,3.9943126440048218
POSCAR_2045.vasp,4.598921815554301
POSCAR_2046.vasp,4.161005759239197
POSCAR_2047.vasp,4.612532655398051
POSCAR_2048.vasp,4.2060664892196655
POSCAR_2049.vasp,3.6973689794540405
POSCAR_2050.vasp,4.996059775352478
POSCAR_2051.vasp,3.0425914525985718
POSCAR_2052.vasp,4.628311514854431
POSCAR_2053.vasp,5.0113338232040405
POSCAR_2054.vasp,3.6648118098576865
POSCAR_2055.vasp,4.81442932287852
POSCAR_2056.vasp,4.181476950645447
POSCAR_2057.vasp,4.7876501480738325
POSCAR_2058.vasp,4.216999411582947
POSCAR_2059.vasp,4.019555767377217
POSCAR_2060.vasp,4.5938800573349
POSCAR_2061.vasp,3.7541545629501343
POSCAR_2062.vasp,4.42142649491628
POSCAR_2063.vasp,2.7035716772079468
POSCAR_2064.vasp,4.796661734580994
POSCAR_2065.vasp,5.112564444541931
POSCAR_2066.vasp,4.656452536582947
POSCAR_2067.vasp,4.175394797325135
POSCAR_2068.vasp,4.427316387494405
POSCAR_2069.vasp,5.011326193809509
POSCAR_2070.vasp,4.7707599401474
POSCAR_2071.vasp,4.295407970746358
POSCAR_2072.vasp,4.30094055334727
POSCAR_2073.vasp,4.615130464235942
POSCAR_2074.vasp,3.5182129939397178
POSCAR_2075.vasp,4.250314434369405
POSCAR_2076.vasp,4.501867016156514
POSCAR_2077.vasp,4.648350119590759
POSCAR_2078.vasp,3.2229249080022178
POSCAR_2079.vasp,2.7225230932235718
POSCAR_2080.vasp,3.8281253576278687
POSCAR_2081.vasp,4.196832378705342
POSCAR_2082.vasp,3.1751140356063843
POSCAR_2083.vasp,4.5381282567977905
POSCAR_2084.vasp,4.682196021080017
POSCAR_2085.vasp,3.969130555788676
POSCAR_2086.vasp,3.6608368953069053
POSCAR_2087.vasp,3.887306571006775
POSCAR_2088.vasp,3.9939515193303428
POSCAR_2089.vasp,4.031826376914978
POSCAR_2090.vasp,4.6318782567977905
POSCAR_2091.vasp,4.46982483069102
POSCAR_2092.vasp,3.0929810603459678
POSCAR_2093.vasp,4.716060996055603
POSCAR_2094.vasp,3.647737224896749
POSCAR_2095.vasp,3.0234187841415405
POSCAR_2096.vasp,3.9553773005803428
POSCAR_2097.vasp,3.9828482071558633
POSCAR_2098.vasp,4.587897340456645
POSCAR_2099.vasp,4.1041377782821655
POSCAR_2100.vasp,4.513963421185811
POSCAR_2101.vasp,4.262091676394145
POSCAR_2102.vasp,4.3540977239608765
POSCAR_2103.vasp,4.995911002159119
POSCAR_2104.vasp,4.602207541465759
POSCAR_2105.vasp,4.797874808311462
POSCAR_2106.vasp,5.053024649620056
POSCAR_2107.vasp,4.292799989382426
POSCAR_2108.vasp,4.061928153038025
POSCAR_2109.vasp,4.206085562705994
POSCAR_2110.vasp,4.308641155560811
POSCAR_2111.vasp,2.7279704809188843
POSCAR_2112.vasp,2.8150066137313843
POSCAR_2113.vasp,2.7812999486923218
POSCAR_2114.vasp,3.7235057592391967
POSCAR_2115.vasp,3.748115134239197
POSCAR_2116.vasp,4.744520545005798
POSCAR_2117.vasp,3.739753317832947
POSCAR_2118.vasp,3.734635519981384
POSCAR_2119.vasp,3.5129474401474
POSCAR_2120.vasp,4.951740622520447
POSCAR_2121.vasp,4.848881125450134
POSCAR_2122.vasp,2.7473949193954468
POSCAR_2123.vasp,4.714502692222595
POSCAR_2124.vasp,3.7274821996688843
POSCAR_2125.vasp,2.7418025732040405
POSCAR_2126.vasp,2.7053416967391968
POSCAR_2127.vasp,3.2458741267522178
POSCAR_2128.vasp,2.8691219091415405
POSCAR_2129.vasp,3.5476306676864624
POSCAR_2130.vasp,3.2207276423772178
POSCAR_2131.vasp,3.1319183111190796
POSCAR_2132.vasp,4.663883566856384
POSCAR_2133.vasp,3.5403484106063843
POSCAR_2134.vasp,4.483646750450134
POSCAR_2135.vasp,4.280533194541931
POSCAR_2136.vasp,3.9793768326441445
POSCAR_2137.vasp,3.4437864337648665
POSCAR_2138.vasp,3.3298457860946655
POSCAR_2139.vasp,3.970339814821879
POSCAR_2140.vasp,2.5795482397079468
POSCAR_2141.vasp,4.2792470546869135
POSCAR_2142.vasp,2.2330859899520874
POSCAR_2143.vasp,2.208384871482849
POSCAR_2144.vasp,4.854899191856385
POSCAR_2145.vasp,2.386272152264913
POSCAR_2146.vasp,2.8445937871932983
POSCAR_2147.vasp,4.652780254681905
POSCAR_2148.vasp,4.565277457237244
POSCAR_2149.vasp,4.150150656700134
POSCAR_2150.vasp,4.586613059043884
POSCAR_2151.vasp,4.624276328086853
POSCAR_2152.vasp,4.6294978857040405
POSCAR_2153.vasp,4.981434226036072
POSCAR_2154.vasp,3.7828410863876343
POSCAR_2155.vasp,4.594161073366801
POSCAR_2156.vasp,4.129476014773051
POSCAR_2157.vasp,4.596678773562114
POSCAR_2158.vasp,4.398064017295837
POSCAR_2159.vasp,4.143238425254822
POSCAR_2160.vasp,4.133991599082947
POSCAR_2161.vasp,4.591862082481384
POSCAR_2162.vasp,5.021152853965759
POSCAR_2163.vasp,4.151241151491801
POSCAR_2164.vasp,4.535324454307556
POSCAR_2165.vasp,4.561577200889587
POSCAR_2166.vasp,3.8612000544865928
POSCAR_2167.vasp,4.971470236778259
POSCAR_2168.vasp,4.57817952632904
POSCAR_2169.vasp,4.1607585668563845
POSCAR_2170.vasp,2.250682234764099
POSCAR_2171.vasp,4.401813864707947
POSCAR_2172.vasp,4.397819876670837
POSCAR_2173.vasp,4.587030132611592
POSCAR_2174.vasp,2.1906970739364624
POSCAR_2175.vasp,4.809391379356384
POSCAR_2176.vasp,4.583364462852478
POSCAR_2177.vasp,4.636623231569926
POSCAR_2178.vasp,4.967542624473571
POSCAR_2179.vasp,4.909550070762634
POSCAR_2180.vasp,4.777615798844232
POSCAR_2181.vasp,3.0844615697860718
POSCAR_2182.vasp,4.684801671240065
POSCAR_2183.vasp,4.620904644330342
POSCAR_2184.vasp,3.7520545721054077
POSCAR_2185.vasp,4.784267783164978
POSCAR_2186.vasp,3.213904929161072
POSCAR_2187.vasp,4.62946126461029
POSCAR_2188.vasp,3.4544986486434937
POSCAR_2189.vasp,3.9052776098251343
POSCAR_2190.vasp,4.126560568809509
POSCAR_2191.vasp,4.530819296836853
POSCAR_2192.vasp,4.469440817832947
POSCAR_2193.vasp,4.856991171836853
POSCAR_2194.vasp,4.375202536582947
POSCAR_2195.vasp,4.256931662559509
POSCAR_2196.vasp,4.234257102012634
POSCAR_2197.vasp,5.132358908653259
POSCAR_2198.vasp,3.3518108129501343
POSCAR_2199.vasp,4.305393576622009
POSCAR_2200.vasp,5.610859274864197
POSCAR_2201.vasp,4.371738791465759
POSCAR_2202.vasp,3.0234214544296263
POSCAR_2203.vasp,3.4078824122746787
POSCAR_2204.vasp,2.9977611303329468
POSCAR_2205.vasp,3.3011567195256553
POSCAR_2206.vasp,3.747827887535095
POSCAR_2207.vasp,5.005314230918884
POSCAR_2208.vasp,3.3753284215927124
POSCAR_2209.vasp,4.907618744032724
POSCAR_2210.vasp,3.557834347089132
POSCAR_2211.vasp,4.193006491661071
POSCAR_2212.vasp,4.468216300010681
POSCAR_2213.vasp,3.7118810415267944
POSCAR_2214.vasp,3.4109596014022827
POSCAR_2215.vasp,4.631626486778259
POSCAR_2216.vasp,3.021062731742859
POSCAR_2217.vasp,4.638035178184509
POSCAR_2218.vasp,3.967866619427999
POSCAR_2219.vasp,4.041969656944275
POSCAR_2220.vasp,3.6939815282821655
POSCAR_2221.vasp,3.3443416357040405
POSCAR_2222.vasp,2.8537572622299194
POSCAR_2223.vasp,5.125118613243103
POSCAR_2224.vasp,3.415432333946228
POSCAR_2225.vasp,4.515186667442322
POSCAR_2226.vasp,4.041542410850525
POSCAR_2227.vasp,2.751174012819926
POSCAR_2228.vasp,3.091443101565043
POSCAR_2229.vasp,3.4405235052108765
POSCAR_2230.vasp,3.111188292503357
POSCAR_2231.vasp,3.844767928123474
POSCAR_2232.vasp,4.406160076459249
POSCAR_2233.vasp,4.759324749310811
POSCAR_2234.vasp,4.234768271446228
POSCAR_2235.vasp,2.0970805883407593
POSCAR_2236.vasp,3.6734610001246133
POSCAR_2237.vasp,4.47003972530365
POSCAR_2238.vasp,4.368915915489197
POSCAR_2239.vasp,4.325288494427999
POSCAR_2240.vasp,4.52018137772878
POSCAR_2241.vasp,2.6830209493637085
POSCAR_2242.vasp,4.3132543961207075
POSCAR_2243.vasp,4.753858923912048
POSCAR_2244.vasp,2.9637950658798218
POSCAR_2245.vasp,4.189152121543884
POSCAR_2246.vasp,4.442093253135681
POSCAR_2247.vasp,5.967396140098572
POSCAR_2248.vasp,3.5730289220809937
POSCAR_2249.vasp,3.192736506462097
POSCAR_2250.vasp,4.638401389122009
POSCAR_2251.vasp,2.724790930747986
POSCAR_2252.vasp,2.4140743017196655
POSCAR_2253.vasp,4.528853456179301
POSCAR_2254.vasp,4.538868308067322
POSCAR_2255.vasp,4.152897238731384
POSCAR_2256.vasp,4.967884421348572
POSCAR_2257.vasp,3.378960967063904
POSCAR_2258.vasp,3.2900940974553428
POSCAR_2259.vasp,3.4888118505477905
POSCAR_2260.vasp,4.567715048789978
POSCAR_2261.vasp,4.3329382340113325
POSCAR_2262.vasp,4.153786698977153
POSCAR_2263.vasp,4.631645560264587
POSCAR_2264.vasp,4.111999869346619
POSCAR_2265.vasp,3.3667033910751343
POSCAR_2266.vasp,3.3750493129094443
POSCAR_2267.vasp,3.8112732966740928
POSCAR_2268.vasp,1.2685588598251343
POSCAR_2269.vasp,5.142128348350525
POSCAR_2270.vasp,4.6135778824488325
POSCAR_2271.vasp,3.899080846044752
POSCAR_2272.vasp,2.9102882146835327
POSCAR_2273.vasp,4.382004141807556
POSCAR_2274.vasp,1.9588817358016968
POSCAR_2275.vasp,2.876461386680603
POSCAR_2276.vasp,4.580986380577087
POSCAR_2277.vasp,3.837424635887146
POSCAR_2278.vasp,3.4676326513290405
POSCAR_2279.vasp,4.692032217979431
POSCAR_2280.vasp,3.1138967275619507
POSCAR_2281.vasp,3.7470630407333374
POSCAR_2282.vasp,6.241167426109314
POSCAR_2283.vasp,4.6091731786727905
POSCAR_2284.vasp,5.198509573936462
POSCAR_2285.vasp,2.778885245323181
POSCAR_2286.vasp,4.159725546836853
POSCAR_2287.vasp,4.1349910497665405
